Column2,Column1,Answer_ID,QID,Answer_Arabic,Mark1,Mark1_ceil,Mark2,Mark2_ceil,Average_Mark,Median,mark_floor,mark_ceil,Question_ID,Question_Type,Question_Arabic,Model_Arabic
60,1971,13,5.2,"قراصنة القبعة السوداء وكتابة البرامج لكي يقومون بسرقة المعلومات وتغيير البيانات، قراصنة القبعات الرمادية يستخدمون برامج للدخول الى المواقع الممنوعة كمواقع الجنس.",2.5,3,2.5,3,2.5,3,2,3,2,5,ما الفرق بين عمل قراصنة القبعات  الرمادية و عمل قراصنة القبعات السوداء؟,الاثنين عملهما تخريبي لتحقيق مكاسب شخصية بالنسبة لقراصنة القبعات السوداء و بدون  مكاسب بالنسبة لقراصنة القبعات الرمادية التي ترتكب جرائم غير أخلاقية  كاختراق نظام أمان بدون إذن أو الكشف العلني لعيوب الأمن في أنظمة المؤسسات وإن كانت بدون نية تخريبية مسبقة
68,1979,21,5.2,"يكون عمل قراصنة القبعة الرمادية يقومون بإختراق بدون إذن لكن ليس لأغراض شخصية فيقومون بنشر ثغرات ، أما القبعات السوداء يقوم بالإختراق لأغراض شخصية فيقومون بتغيير و تخريب البيانات",3,3,2.5,3,2.75,3,2,3,2,5,ما الفرق بين عمل قراصنة القبعات  الرمادية و عمل قراصنة القبعات السوداء؟,الاثنين عملهما تخريبي لتحقيق مكاسب شخصية بالنسبة لقراصنة القبعات السوداء و بدون  مكاسب بالنسبة لقراصنة القبعات الرمادية التي ترتكب جرائم غير أخلاقية  كاختراق نظام أمان بدون إذن أو الكشف العلني لعيوب الأمن في أنظمة المؤسسات وإن كانت بدون نية تخريبية مسبقة
82,1993,35,5.2,قراصنة القبعات السوداء هم اشخاص موهوبون يستعملون موهبتهم بطريقة شريرة بحيث يخترقون النظام لسرقة المعلومات لكن قرصنة القبعات الرمادية لا يستخدمون دكاءهم لأغراض شخصية لكن يقومون بجرائم فنية بدون ادن او ترخيص,4.5,5,4,4,4.25,4,4,5,2,5,ما الفرق بين عمل قراصنة القبعات  الرمادية و عمل قراصنة القبعات السوداء؟,الاثنين عملهما تخريبي لتحقيق مكاسب شخصية بالنسبة لقراصنة القبعات السوداء و بدون  مكاسب بالنسبة لقراصنة القبعات الرمادية التي ترتكب جرائم غير أخلاقية  كاختراق نظام أمان بدون إذن أو الكشف العلني لعيوب الأمن في أنظمة المؤسسات وإن كانت بدون نية تخريبية مسبقة
66,1977,19,5.2,كلا منهما يملكان قدرات و مواهب في كتابة و تصميم برامج و قدرة فهم كيفية عمل الحاسب و لكن فرق هو هو ان قبعات سوداء يسخرون ذكائهم لتخريب و إتلاف اما قبعات الرمادية فيقومون فقط بنشر ثغارات علنا,4,4,2.5,3,3.25,3,3,4,2,5,ما الفرق بين عمل قراصنة القبعات  الرمادية و عمل قراصنة القبعات السوداء؟,الاثنين عملهما تخريبي لتحقيق مكاسب شخصية بالنسبة لقراصنة القبعات السوداء و بدون  مكاسب بالنسبة لقراصنة القبعات الرمادية التي ترتكب جرائم غير أخلاقية  كاختراق نظام أمان بدون إذن أو الكشف العلني لعيوب الأمن في أنظمة المؤسسات وإن كانت بدون نية تخريبية مسبقة
55,1966,8,5.2,يقوم القبعات السوداء بالجرائم لغاية اِلحاق الضرر والسوء أما القبعات الرمادية فيقومون بقرصنة موقع اِلكتروني مثلا وغايتهم ليس اِلحاق الضرر ولكنهم سيساهمون في ذلك لأنهم يتيحون الفرصة للقبعات السوداء باستعمال تلك المعلومات لإرتكاب جريمة خطيرة.,4.5,5,4,4,4.25,4,4,5,2,5,ما الفرق بين عمل قراصنة القبعات  الرمادية و عمل قراصنة القبعات السوداء؟,الاثنين عملهما تخريبي لتحقيق مكاسب شخصية بالنسبة لقراصنة القبعات السوداء و بدون  مكاسب بالنسبة لقراصنة القبعات الرمادية التي ترتكب جرائم غير أخلاقية  كاختراق نظام أمان بدون إذن أو الكشف العلني لعيوب الأمن في أنظمة المؤسسات وإن كانت بدون نية تخريبية مسبقة
67,1978,20,5.2,قراصنة القبعة الرمادية يقومون بنشر و فضح الخلل الذي وجدوه في نظام ما مما يؤدي عامة إلى جلب نظر قراصنة القبعة السوداء. أما قراصنة القبعة السوداء هدفها التخريب و الإستلاء على الأموال و سرقة المعلومات إلخ,4,4,3.5,4,3.75,4,3,4,2,5,ما الفرق بين عمل قراصنة القبعات  الرمادية و عمل قراصنة القبعات السوداء؟,الاثنين عملهما تخريبي لتحقيق مكاسب شخصية بالنسبة لقراصنة القبعات السوداء و بدون  مكاسب بالنسبة لقراصنة القبعات الرمادية التي ترتكب جرائم غير أخلاقية  كاختراق نظام أمان بدون إذن أو الكشف العلني لعيوب الأمن في أنظمة المؤسسات وإن كانت بدون نية تخريبية مسبقة
69,1980,22,5.2,قراصنة القبعة السوداء يخترقون الأجهزة الإلكترونية لأسباب غير أخلاقية أو للحصول على مكاسب مادية بطرق غير قانونية. أما قراصنة القبعة الرمادية يعملون على إكتشاف الثغرات بدون إذن و لكن ليس من أجل التخريب بل يعرضون إصلاح الثغرات الأمنية مقابل دخل مادي ,4,4,3.5,4,3.75,4,3,4,2,5,ما الفرق بين عمل قراصنة القبعات  الرمادية و عمل قراصنة القبعات السوداء؟,الاثنين عملهما تخريبي لتحقيق مكاسب شخصية بالنسبة لقراصنة القبعات السوداء و بدون  مكاسب بالنسبة لقراصنة القبعات الرمادية التي ترتكب جرائم غير أخلاقية  كاختراق نظام أمان بدون إذن أو الكشف العلني لعيوب الأمن في أنظمة المؤسسات وإن كانت بدون نية تخريبية مسبقة
79,1990,32,5.2,قراصنة القبعات السوداء يقومون باختراق النظام لأغراض سيئة و حسب حاجيته الشخصية اما قراصنة القبعات الرمادية فهي تقوم باختراق الانظمة بهدف اكتشاف الثغرات و طرح اصلاحه على المنظمة المخترقة,4.5,5,4,4,4.25,4,4,5,2,5,ما الفرق بين عمل قراصنة القبعات  الرمادية و عمل قراصنة القبعات السوداء؟,الاثنين عملهما تخريبي لتحقيق مكاسب شخصية بالنسبة لقراصنة القبعات السوداء و بدون  مكاسب بالنسبة لقراصنة القبعات الرمادية التي ترتكب جرائم غير أخلاقية  كاختراق نظام أمان بدون إذن أو الكشف العلني لعيوب الأمن في أنظمة المؤسسات وإن كانت بدون نية تخريبية مسبقة
84,1995,37,5.2,قراصنة القبعة الرمادية يساهمون في  مساعدة القبعات السوداء عندما ينشرون الثغرات الموجودة على الانترنت اما قراصنة القبعات السوداء اهدافهم شريرة و يخترقون من اجل الحصول على مصالح شخصية,5,5,5,5,5,5,5,5,2,5,ما الفرق بين عمل قراصنة القبعات  الرمادية و عمل قراصنة القبعات السوداء؟,الاثنين عملهما تخريبي لتحقيق مكاسب شخصية بالنسبة لقراصنة القبعات السوداء و بدون  مكاسب بالنسبة لقراصنة القبعات الرمادية التي ترتكب جرائم غير أخلاقية  كاختراق نظام أمان بدون إذن أو الكشف العلني لعيوب الأمن في أنظمة المؤسسات وإن كانت بدون نية تخريبية مسبقة
73,1984,26,5.2,"قراصنة القبعات الرمادية: يقومون بإختراق المؤسسات و إظهار الثغرات للجميع مما يؤدي إلى تعرض هذه الشركات لثغرات قبل إصلاحها وبدون فوائد شخصية للقبعات الرمادية بطريقة غير قانونية ، أما القبعات السوداء فتقوم يإختراق البرامج و الشركات لكسب الأموال و تهديد و  هم مجرمون",3.5,4,4,4,3.75,4,3,4,2,5,ما الفرق بين عمل قراصنة القبعات  الرمادية و عمل قراصنة القبعات السوداء؟,الاثنين عملهما تخريبي لتحقيق مكاسب شخصية بالنسبة لقراصنة القبعات السوداء و بدون  مكاسب بالنسبة لقراصنة القبعات الرمادية التي ترتكب جرائم غير أخلاقية  كاختراق نظام أمان بدون إذن أو الكشف العلني لعيوب الأمن في أنظمة المؤسسات وإن كانت بدون نية تخريبية مسبقة
75,1986,28,5.2,"الفرق هو أن عمل قراصنة القبعة السوداء يكون على الأغلب تخريبي قصد الاستفادة من شيء ما أو لصالح شخص معين، أما القبعات الرمادية فيكون بدافع المتعة و التحدي",2,2,2.5,3,2.25,2,2,3,2,5,ما الفرق بين عمل قراصنة القبعات  الرمادية و عمل قراصنة القبعات السوداء؟,الاثنين عملهما تخريبي لتحقيق مكاسب شخصية بالنسبة لقراصنة القبعات السوداء و بدون  مكاسب بالنسبة لقراصنة القبعات الرمادية التي ترتكب جرائم غير أخلاقية  كاختراق نظام أمان بدون إذن أو الكشف العلني لعيوب الأمن في أنظمة المؤسسات وإن كانت بدون نية تخريبية مسبقة
56,1967,9,5.2,القبعات السوداء هم لأشرار يتعلمون البرمجة وعمل الحاسب لسرقة المعلومات واختراق أنظمة لأمان والتخريب مجرمو الكمبيوتر بطريقة غير قانونية لتحقيق المكاسب الشخصية اما الرمادية لا يسعون خلف المكاسب لكنهم يقومون بجرائم غير قانونية لإختراق الأنظمة دون إذن ونشرها عامة يمكن للقبعات السوداء الإستفادة منها.,4,4,3.5,4,3.75,4,3,4,2,5,ما الفرق بين عمل قراصنة القبعات  الرمادية و عمل قراصنة القبعات السوداء؟,الاثنين عملهما تخريبي لتحقيق مكاسب شخصية بالنسبة لقراصنة القبعات السوداء و بدون  مكاسب بالنسبة لقراصنة القبعات الرمادية التي ترتكب جرائم غير أخلاقية  كاختراق نظام أمان بدون إذن أو الكشف العلني لعيوب الأمن في أنظمة المؤسسات وإن كانت بدون نية تخريبية مسبقة
65,1976,18,5.2,الفرق بين عمل قراصنة القبعات الرمادية و عمل قراصنة القبعات السوداء هو ان عمل القبعة الرمادية غير اخلاقي و ان عمل القبعة السوداء هو انهم اشخاص يهتمون بطريقة شريرة للأحول إلى النظام المعلوماتي ,2,2,1.5,2,1.75,2,1,2,2,5,ما الفرق بين عمل قراصنة القبعات  الرمادية و عمل قراصنة القبعات السوداء؟,الاثنين عملهما تخريبي لتحقيق مكاسب شخصية بالنسبة لقراصنة القبعات السوداء و بدون  مكاسب بالنسبة لقراصنة القبعات الرمادية التي ترتكب جرائم غير أخلاقية  كاختراق نظام أمان بدون إذن أو الكشف العلني لعيوب الأمن في أنظمة المؤسسات وإن كانت بدون نية تخريبية مسبقة
51,1962,4,5.2,قراصنة القبعة الرمادية يقوم بأعمال لاختراق لكن ليس لأسباب شخصية أو للكسب المادي قد يقومون بالإختراق بطرق غير قانونية والكشف العادي لبعض المواقع أما قراصنة القبعة السوداء هم مجرمو الكمبيوتر يستخدمون قدراتهم لأغراض غير حسوبة بطرق شريرة,4,4,4,4,4,4,4,4,2,5,ما الفرق بين عمل قراصنة القبعات  الرمادية و عمل قراصنة القبعات السوداء؟,الاثنين عملهما تخريبي لتحقيق مكاسب شخصية بالنسبة لقراصنة القبعات السوداء و بدون  مكاسب بالنسبة لقراصنة القبعات الرمادية التي ترتكب جرائم غير أخلاقية  كاختراق نظام أمان بدون إذن أو الكشف العلني لعيوب الأمن في أنظمة المؤسسات وإن كانت بدون نية تخريبية مسبقة
76,1987,29,5.2,"قراصنة القبعات السوداء هدفهم التخريب السرقة التهديد، قراصنة القبعات الرمادية يعملون على جعل البرامج مجانية هدفهم مساعدة مستخدمي الإنترنت و البرامج هدف تعليمي",1.5,2,2.5,3,2,2,2,2,2,5,ما الفرق بين عمل قراصنة القبعات  الرمادية و عمل قراصنة القبعات السوداء؟,الاثنين عملهما تخريبي لتحقيق مكاسب شخصية بالنسبة لقراصنة القبعات السوداء و بدون  مكاسب بالنسبة لقراصنة القبعات الرمادية التي ترتكب جرائم غير أخلاقية  كاختراق نظام أمان بدون إذن أو الكشف العلني لعيوب الأمن في أنظمة المؤسسات وإن كانت بدون نية تخريبية مسبقة
78,1989,31,5.2,قراصنة القبعات السوداء يقومون بالقرصنة من اجل الاستفادة الشخصية او العمل عند جهات اخرى من مصلحتها تخريب الجهاز او سرقة البيانات الشخصية اما قراصنة القبعات الرمادية يدخلون للجهاز من اجل معرفة البرامج بطريقة غير قانونية ولا يستعملون الثغرات للشيء,3.5,4,4,4,3.75,4,3,4,2,5,ما الفرق بين عمل قراصنة القبعات  الرمادية و عمل قراصنة القبعات السوداء؟,الاثنين عملهما تخريبي لتحقيق مكاسب شخصية بالنسبة لقراصنة القبعات السوداء و بدون  مكاسب بالنسبة لقراصنة القبعات الرمادية التي ترتكب جرائم غير أخلاقية  كاختراق نظام أمان بدون إذن أو الكشف العلني لعيوب الأمن في أنظمة المؤسسات وإن كانت بدون نية تخريبية مسبقة
77,1988,30,5.2,قراصنة القبعات السوداء عملهم سرقة أو تخريب المعلومات أما قراصنة القبعات الرمادية فهو كشف هذه المعلومات,1,1,1,1,1,1,1,1,2,5,ما الفرق بين عمل قراصنة القبعات  الرمادية و عمل قراصنة القبعات السوداء؟,الاثنين عملهما تخريبي لتحقيق مكاسب شخصية بالنسبة لقراصنة القبعات السوداء و بدون  مكاسب بالنسبة لقراصنة القبعات الرمادية التي ترتكب جرائم غير أخلاقية  كاختراق نظام أمان بدون إذن أو الكشف العلني لعيوب الأمن في أنظمة المؤسسات وإن كانت بدون نية تخريبية مسبقة
61,1972,14,5.2,يكمن هدف القبعات السوداء في القرصنة و الإختراق من أجل تخريب الأنظمة أو سرقة المعلومات أو تغييرها فهدفهم شرير أما القبعات الرمادية يقومون بمشاركة الثغرات الأمنية لأنظمة هذه الشركات من أجل الإساءة إلى سمعة هذه الشركات أو بهدف التحدي و  إبراز مهاراتهم,4,4,3.5,4,3.75,4,3,4,2,5,ما الفرق بين عمل قراصنة القبعات  الرمادية و عمل قراصنة القبعات السوداء؟,الاثنين عملهما تخريبي لتحقيق مكاسب شخصية بالنسبة لقراصنة القبعات السوداء و بدون  مكاسب بالنسبة لقراصنة القبعات الرمادية التي ترتكب جرائم غير أخلاقية  كاختراق نظام أمان بدون إذن أو الكشف العلني لعيوب الأمن في أنظمة المؤسسات وإن كانت بدون نية تخريبية مسبقة
62,1973,15,5.2,قراصنة القبعات الرمادية يقومون باختراق المواقع و سرقة المعلومات مع نشر هذه الأخيرة بدون إذن بينما قراصنة القبعات السوداء يقومون باختراق المواقع و البرامج من أجل فوائد مالية,3.5,4,4,4,3.75,4,3,4,2,5,ما الفرق بين عمل قراصنة القبعات  الرمادية و عمل قراصنة القبعات السوداء؟,الاثنين عملهما تخريبي لتحقيق مكاسب شخصية بالنسبة لقراصنة القبعات السوداء و بدون  مكاسب بالنسبة لقراصنة القبعات الرمادية التي ترتكب جرائم غير أخلاقية  كاختراق نظام أمان بدون إذن أو الكشف العلني لعيوب الأمن في أنظمة المؤسسات وإن كانت بدون نية تخريبية مسبقة
70,1981,23,5.2,القبعات الرمادية مهمتهم إيجاد الثغرات و نشرها للجميع يستعملها قراصنة القبعات السوداء أما القبعات السوداء فمهمتهم قرصنة الأنظمة من أجل تخريبها أو الحصول على معلومات و التلاعب بها,4,4,3.5,4,3.75,4,3,4,2,5,ما الفرق بين عمل قراصنة القبعات  الرمادية و عمل قراصنة القبعات السوداء؟,الاثنين عملهما تخريبي لتحقيق مكاسب شخصية بالنسبة لقراصنة القبعات السوداء و بدون  مكاسب بالنسبة لقراصنة القبعات الرمادية التي ترتكب جرائم غير أخلاقية  كاختراق نظام أمان بدون إذن أو الكشف العلني لعيوب الأمن في أنظمة المؤسسات وإن كانت بدون نية تخريبية مسبقة
64,1975,17,5.2,القبعات السوداء يستعملون ذكائهم وقدراتهم لمصالحهم الشخصية خاصة فهي تخترق نظام تجد العيوب و تنشر العيب بشكل علني لكي تفضح عيب مؤسسة ما ,3,3,3.5,4,3.25,3,3,4,2,5,ما الفرق بين عمل قراصنة القبعات  الرمادية و عمل قراصنة القبعات السوداء؟,الاثنين عملهما تخريبي لتحقيق مكاسب شخصية بالنسبة لقراصنة القبعات السوداء و بدون  مكاسب بالنسبة لقراصنة القبعات الرمادية التي ترتكب جرائم غير أخلاقية  كاختراق نظام أمان بدون إذن أو الكشف العلني لعيوب الأمن في أنظمة المؤسسات وإن كانت بدون نية تخريبية مسبقة
81,1992,34,5.2,"قراصنة القبعات السوداء عملها التخريب و سرقة البيانات بشكل غير قانوني، القبعات الرمادية تخترق الوسائل بشكل غير قانوني تعمل دون تخريب",4,4,3.5,4,3.75,4,3,4,2,5,ما الفرق بين عمل قراصنة القبعات  الرمادية و عمل قراصنة القبعات السوداء؟,الاثنين عملهما تخريبي لتحقيق مكاسب شخصية بالنسبة لقراصنة القبعات السوداء و بدون  مكاسب بالنسبة لقراصنة القبعات الرمادية التي ترتكب جرائم غير أخلاقية  كاختراق نظام أمان بدون إذن أو الكشف العلني لعيوب الأمن في أنظمة المؤسسات وإن كانت بدون نية تخريبية مسبقة
53,1964,6,5.2,عمل قراصنة القبعات الرمادية ليس لهدف شخصي؛ فهو يقوم بالاختراق واخبار المؤسسة به أو فضحهم عبر لأنترنت؛ عكس ذلك فإن عمل قراصنة القبعات السوداء يكون لهدف شخصي لسرقة معلومات أو سرقة رقم السري؛ أو لغرض مادي.,3.5,4,3.5,4,3.5,4,3,4,2,5,ما الفرق بين عمل قراصنة القبعات  الرمادية و عمل قراصنة القبعات السوداء؟,الاثنين عملهما تخريبي لتحقيق مكاسب شخصية بالنسبة لقراصنة القبعات السوداء و بدون  مكاسب بالنسبة لقراصنة القبعات الرمادية التي ترتكب جرائم غير أخلاقية  كاختراق نظام أمان بدون إذن أو الكشف العلني لعيوب الأمن في أنظمة المؤسسات وإن كانت بدون نية تخريبية مسبقة
49,1960,2,5.2,قراصنة القبعات السوداء: يقومون بأعمال شريرة وتخريبية ولا ينفعون سوى أنفسهم أو من يدفع لهم أما قراصنة القبعات الرمادية فيقومون بأعمال غير قانونية بهدف المتعة ولأسباب فنية,3,3,3,3,3,3,3,3,2,5,ما الفرق بين عمل قراصنة القبعات  الرمادية و عمل قراصنة القبعات السوداء؟,الاثنين عملهما تخريبي لتحقيق مكاسب شخصية بالنسبة لقراصنة القبعات السوداء و بدون  مكاسب بالنسبة لقراصنة القبعات الرمادية التي ترتكب جرائم غير أخلاقية  كاختراق نظام أمان بدون إذن أو الكشف العلني لعيوب الأمن في أنظمة المؤسسات وإن كانت بدون نية تخريبية مسبقة
80,1991,33,5.2,"القبعات الرمادية لا يقوم بالاختراق من اجل المصلحة الشخصية لكنهم يعملون بدون ادن او تصريح، القبعات السوداء يقوم بالاختراق من اجل المصلحة الشخصية وعمله تخريبي ",3.5,4,2.5,3,3,3,3,3,2,5,ما الفرق بين عمل قراصنة القبعات  الرمادية و عمل قراصنة القبعات السوداء؟,الاثنين عملهما تخريبي لتحقيق مكاسب شخصية بالنسبة لقراصنة القبعات السوداء و بدون  مكاسب بالنسبة لقراصنة القبعات الرمادية التي ترتكب جرائم غير أخلاقية  كاختراق نظام أمان بدون إذن أو الكشف العلني لعيوب الأمن في أنظمة المؤسسات وإن كانت بدون نية تخريبية مسبقة
83,1994,36,5.2,عمل قراصنة القبعات السوداء يكون باستخدام قدراتهم على الاختراق لأجل مصالحهم الشخصية و للحصول على مقابل مادي بينما القبعات الرمادية يقومون بالاختراق ليس للحصول على فوائد مادية فقط بل لإصلاح و معرفة الثغرات,5,5,4,4,4.5,4,4,5,2,5,ما الفرق بين عمل قراصنة القبعات  الرمادية و عمل قراصنة القبعات السوداء؟,الاثنين عملهما تخريبي لتحقيق مكاسب شخصية بالنسبة لقراصنة القبعات السوداء و بدون  مكاسب بالنسبة لقراصنة القبعات الرمادية التي ترتكب جرائم غير أخلاقية  كاختراق نظام أمان بدون إذن أو الكشف العلني لعيوب الأمن في أنظمة المؤسسات وإن كانت بدون نية تخريبية مسبقة
59,1970,12,5.2,"قراصنة القبعات الرمادية: لاختراق من غير إذن وذلك ينجم عنه فتح ثغرات لاصحاب القبعات السوداء، الذي يقومون بالتخريب والسرقة وهدفهم الوحيد هو خططهم الشريرة.",3.5,4,3,3,3.25,3,3,4,2,5,ما الفرق بين عمل قراصنة القبعات  الرمادية و عمل قراصنة القبعات السوداء؟,الاثنين عملهما تخريبي لتحقيق مكاسب شخصية بالنسبة لقراصنة القبعات السوداء و بدون  مكاسب بالنسبة لقراصنة القبعات الرمادية التي ترتكب جرائم غير أخلاقية  كاختراق نظام أمان بدون إذن أو الكشف العلني لعيوب الأمن في أنظمة المؤسسات وإن كانت بدون نية تخريبية مسبقة
72,1983,25,5.2,القبعة السوداء يستعملون مهاراتهم لأغراض شريرة كسرقة الأموال و القرصنة و إختراق أجهزة الأمن… أما القبعات الرمادية فيقومون بإختراق أجهزة الأمن دون الحصول على إذن لكنهم لا يقومون بأفعال شريرة حيث أحيانا ينشرون الخلل إلى عامة الناس,2.5,3,2.5,3,2.5,3,2,3,2,5,ما الفرق بين عمل قراصنة القبعات  الرمادية و عمل قراصنة القبعات السوداء؟,الاثنين عملهما تخريبي لتحقيق مكاسب شخصية بالنسبة لقراصنة القبعات السوداء و بدون  مكاسب بالنسبة لقراصنة القبعات الرمادية التي ترتكب جرائم غير أخلاقية  كاختراق نظام أمان بدون إذن أو الكشف العلني لعيوب الأمن في أنظمة المؤسسات وإن كانت بدون نية تخريبية مسبقة
63,1974,16,5.2,قراصنة القبعات الرمادية و السوداء كلاهما يتسللون بطرق غير قانونية و غير أخلاقية لكن أصحاب القبعات السوداء يخترقون لتحقيق مكاسب شخصية أو مالية لكن أصحاب القبعات الرمادية يهدفون الى التشهير و إبتزاز فقط أو مساعدة لإظهار الثغرات أمنية  ,5,5,4,4,4.5,4,4,5,2,5,ما الفرق بين عمل قراصنة القبعات  الرمادية و عمل قراصنة القبعات السوداء؟,الاثنين عملهما تخريبي لتحقيق مكاسب شخصية بالنسبة لقراصنة القبعات السوداء و بدون  مكاسب بالنسبة لقراصنة القبعات الرمادية التي ترتكب جرائم غير أخلاقية  كاختراق نظام أمان بدون إذن أو الكشف العلني لعيوب الأمن في أنظمة المؤسسات وإن كانت بدون نية تخريبية مسبقة
54,1965,7,5.2,القبعات الرمادية لا تقوم بتحقيق مكاسب شخصية لها ولكنها في بعض الأحيان تقوم باختراقات غير قانونية اما القبعة السوداء فتقوم بتحقيق مكاسب شخصية او من يدفع لها فتقوم باختراق انظمة التشغيل وتخريبها وسرقة المعلومات الخاصة,4,4,3.5,4,3.75,4,3,4,2,5,ما الفرق بين عمل قراصنة القبعات  الرمادية و عمل قراصنة القبعات السوداء؟,الاثنين عملهما تخريبي لتحقيق مكاسب شخصية بالنسبة لقراصنة القبعات السوداء و بدون  مكاسب بالنسبة لقراصنة القبعات الرمادية التي ترتكب جرائم غير أخلاقية  كاختراق نظام أمان بدون إذن أو الكشف العلني لعيوب الأمن في أنظمة المؤسسات وإن كانت بدون نية تخريبية مسبقة
50,1961,3,5.2,"قراصنة القبعات الرمادية يقومون بإختراق الأنظمة والمؤسسات عن طريق الفجوات الضعيفة غي البرامج ويقومون بكشف هذه الثغرات لأسباب شريرة، قراصنة القبعات السوداء يقومون بإستغلال هذه الثغرات للقيام بتخريب أو العبث بالبيانات أو سرقتها أو إتلافها.",3,3,3.5,4,3.25,3,3,4,2,5,ما الفرق بين عمل قراصنة القبعات  الرمادية و عمل قراصنة القبعات السوداء؟,الاثنين عملهما تخريبي لتحقيق مكاسب شخصية بالنسبة لقراصنة القبعات السوداء و بدون  مكاسب بالنسبة لقراصنة القبعات الرمادية التي ترتكب جرائم غير أخلاقية  كاختراق نظام أمان بدون إذن أو الكشف العلني لعيوب الأمن في أنظمة المؤسسات وإن كانت بدون نية تخريبية مسبقة
58,1969,11,5.2,"قراصنة القبعة السوداء يستخدمون ذكائهم بطريقة شريرة من أجل اختراق الأجهزة وسرقة المعلومات لتحقيق مصالح شخصية، أما قراصنة القبعات الرمادية: هم يستخدمون قدراتهم لإختراق لأجهزة دون إذن ولكن دون عائدات شخصية.",3.5,4,3,3,3.25,3,3,4,2,5,ما الفرق بين عمل قراصنة القبعات  الرمادية و عمل قراصنة القبعات السوداء؟,الاثنين عملهما تخريبي لتحقيق مكاسب شخصية بالنسبة لقراصنة القبعات السوداء و بدون  مكاسب بالنسبة لقراصنة القبعات الرمادية التي ترتكب جرائم غير أخلاقية  كاختراق نظام أمان بدون إذن أو الكشف العلني لعيوب الأمن في أنظمة المؤسسات وإن كانت بدون نية تخريبية مسبقة
48,1959,1,5.2,"القبعات السوداء: تعمل على اختراق وتدمير أنظمة المعلومات لأهداف شريرة ومقاصد شخصية، القبعات الرمادية: هي مجموعات تعمل على اختراق واقتحام أنظمة المعلومات دون اهداف شخصية أو تخريبية.",3.5,4,3,3,3.25,3,3,4,2,5,ما الفرق بين عمل قراصنة القبعات  الرمادية و عمل قراصنة القبعات السوداء؟,الاثنين عملهما تخريبي لتحقيق مكاسب شخصية بالنسبة لقراصنة القبعات السوداء و بدون  مكاسب بالنسبة لقراصنة القبعات الرمادية التي ترتكب جرائم غير أخلاقية  كاختراق نظام أمان بدون إذن أو الكشف العلني لعيوب الأمن في أنظمة المؤسسات وإن كانت بدون نية تخريبية مسبقة
57,1968,10,5.2,"قراصنة القبعات الرمادية يعمل لمصلحة الشخصية ويخترق من الجهة الفنية فقط؛ وقد يكشف الثغرة التي عثر عليها للشركة المخترقة، أما قراصنة القبعات السوداء فيستغلون المعلومات المخترقة لبيعها للجهة المنافسة  ",3.5,4,3.5,4,3.5,4,3,4,2,5,ما الفرق بين عمل قراصنة القبعات  الرمادية و عمل قراصنة القبعات السوداء؟,الاثنين عملهما تخريبي لتحقيق مكاسب شخصية بالنسبة لقراصنة القبعات السوداء و بدون  مكاسب بالنسبة لقراصنة القبعات الرمادية التي ترتكب جرائم غير أخلاقية  كاختراق نظام أمان بدون إذن أو الكشف العلني لعيوب الأمن في أنظمة المؤسسات وإن كانت بدون نية تخريبية مسبقة
125,2036,41,5.3,الفيروس يصيب فور دخوله يمكن تعطيله أما الدود فإنه حتى و بعد تعطيله يعيد تكوين نفسه تلقائيا. ,0,0,1.5,2,0.75,1,0,1,3,5,ما الفرق بين الدود والفيروسات؟,الدود و الفيروسات برامج ماكرة هدفها تخريبي تختلف في طريقة العمل أو الهجوم فبينما يكرر الفيروس نفسه باقترانه ببرامج أخرى تستغل الدودة فجوات في نظام التشغيل للقيام بهجوم مباشر        
97,2008,13,5.3,لدود : تقوم بالبحث عن الثغرات الموجودة في البرنامج و ما إن تجدها حتى تقوم بإختراق و هو من أحد أنواع الفيروسات .,2,2,2.5,3,2.25,2,2,3,3,5,ما الفرق بين الدود والفيروسات؟,الدود و الفيروسات برامج ماكرة هدفها تخريبي تختلف في طريقة العمل أو الهجوم فبينما يكرر الفيروس نفسه باقترانه ببرامج أخرى تستغل الدودة فجوات في نظام التشغيل للقيام بهجوم مباشر        
126,2037,42,5.3,"الدود هي أداة تستخدم لمهاجمة النظام و تقوم بالانتشار و التكاثر تلقائيا ، الفيروسات هي برمجيات خبيثة تهدف الى تخريب الأجهزة التي نزلت بها .",2.5,3,2,2,2.25,2,2,3,3,5,ما الفرق بين الدود والفيروسات؟,الدود و الفيروسات برامج ماكرة هدفها تخريبي تختلف في طريقة العمل أو الهجوم فبينما يكرر الفيروس نفسه باقترانه ببرامج أخرى تستغل الدودة فجوات في نظام التشغيل للقيام بهجوم مباشر        
115,2026,31,5.3,"الدود يستغل ثغرات في النظام في الهجوم، الفيروس يهاجم بواسطة الاقتران ببرنامج مصاب.",3,3,3,3,3,3,3,3,3,5,ما الفرق بين الدود والفيروسات؟,الدود و الفيروسات برامج ماكرة هدفها تخريبي تختلف في طريقة العمل أو الهجوم فبينما يكرر الفيروس نفسه باقترانه ببرامج أخرى تستغل الدودة فجوات في نظام التشغيل للقيام بهجوم مباشر        
100,2011,16,5.3,الفيروسات هي برامج خاصة مبرمجة من طرف الكراكر تقترن ببرنامج ما (مصاب) لتلويث النظام و لديها القدرة على نسخ نفسها أما الدود فتستغل الثغرات في نظام التشغيل و تقوم بهجومات مباشرة . ,4,4,5,5,4.5,4,4,5,3,5,ما الفرق بين الدود والفيروسات؟,الدود و الفيروسات برامج ماكرة هدفها تخريبي تختلف في طريقة العمل أو الهجوم فبينما يكرر الفيروس نفسه باقترانه ببرامج أخرى تستغل الدودة فجوات في نظام التشغيل للقيام بهجوم مباشر        
96,2007,12,5.3,الدود يستغل ثغرات التشغيل للقيام بهجوم مباشر و الفيروس هو برنامج صمم ليقترن ببرنامج آخر و يعيد إنتاج نفسه عند اشتغال البرنامج المصاب .,3.5,4,4,4,3.75,4,3,4,3,5,ما الفرق بين الدود والفيروسات؟,الدود و الفيروسات برامج ماكرة هدفها تخريبي تختلف في طريقة العمل أو الهجوم فبينما يكرر الفيروس نفسه باقترانه ببرامج أخرى تستغل الدودة فجوات في نظام التشغيل للقيام بهجوم مباشر        
111,2022,27,5.3,لدود هي عبارة عن فيروسات و لكنها تختلف عن الفيروسات فهي لا تعتمد على برنامج آخر في عملها عكس الفيروسات التي تعتمد على برنامج آخر للإختراق . ,1.5,2,3.5,4,2.5,3,2,3,3,5,ما الفرق بين الدود والفيروسات؟,الدود و الفيروسات برامج ماكرة هدفها تخريبي تختلف في طريقة العمل أو الهجوم فبينما يكرر الفيروس نفسه باقترانه ببرامج أخرى تستغل الدودة فجوات في نظام التشغيل للقيام بهجوم مباشر        
118,2029,34,5.3,الفيروس عبارة عن برنامج يعتمد على برنامج آخر للانتقال والعمل يقوم بتركيب نفسه على برامج اخرى (التكاثر) في حين أن الدود يختلف عنه في التكاثر حيث انه يستغل فجوة النظام يقوم بالمهاجمة المباشرة.,4.5,5,5,5,4.75,5,4,5,3,5,ما الفرق بين الدود والفيروسات؟,الدود و الفيروسات برامج ماكرة هدفها تخريبي تختلف في طريقة العمل أو الهجوم فبينما يكرر الفيروس نفسه باقترانه ببرامج أخرى تستغل الدودة فجوات في نظام التشغيل للقيام بهجوم مباشر        
93,2004,9,5.3,"كلاهما من أصناف البرمجيات الماكرة، لكن الفيروسات لها القدرة على نسخ نفسها أما الدود فهي تهاجم مباشرة دون إستعمال برنامج آخر و ذلك بإستغلال الثغرات الأمنية الموجودة في الأنظمة .",5,5,5,5,5,5,5,5,3,5,ما الفرق بين الدود والفيروسات؟,الدود و الفيروسات برامج ماكرة هدفها تخريبي تختلف في طريقة العمل أو الهجوم فبينما يكرر الفيروس نفسه باقترانه ببرامج أخرى تستغل الدودة فجوات في نظام التشغيل للقيام بهجوم مباشر        
109,2020,25,5.3,"الفيروسات تكون مرتبطة ببرنامج معين و تشتغل عند إشتغال البرنامج، الدود يستغل ثغرات الأنظمة ليقوم بهجوم مباشر شرس .",2.5,3,3,3,2.75,3,2,3,3,5,ما الفرق بين الدود والفيروسات؟,الدود و الفيروسات برامج ماكرة هدفها تخريبي تختلف في طريقة العمل أو الهجوم فبينما يكرر الفيروس نفسه باقترانه ببرامج أخرى تستغل الدودة فجوات في نظام التشغيل للقيام بهجوم مباشر        
112,2023,28,5.3,الفيروسات برامج تقترن ببرنامج و يتم تفعيلها عند إستخدام هذا البرنامج و تمتاز بتقنية إنتاج نفسها تلقائيا و تقوم بتخريب المعلومات في ذاكرة أو سرقتها  أما الدود فيقوم بالهجوم مباشرة عند وجود ثغرة في نظام التشغيل .,5,5,5,5,5,5,5,5,3,5,ما الفرق بين الدود والفيروسات؟,الدود و الفيروسات برامج ماكرة هدفها تخريبي تختلف في طريقة العمل أو الهجوم فبينما يكرر الفيروس نفسه باقترانه ببرامج أخرى تستغل الدودة فجوات في نظام التشغيل للقيام بهجوم مباشر        
119,2030,35,5.3,الفرق هو أن لفيروس يقوم بالاقتراع بالبرامج و يستغل عند استغلالها و يقوم بافسادها على عكس الدود فهو يستغل الثغرات الأمنية الموجودة في النظام للفضاء مباشرة عليه. ,3.5,4,4,4,3.75,4,3,4,3,5,ما الفرق بين الدود والفيروسات؟,الدود و الفيروسات برامج ماكرة هدفها تخريبي تختلف في طريقة العمل أو الهجوم فبينما يكرر الفيروس نفسه باقترانه ببرامج أخرى تستغل الدودة فجوات في نظام التشغيل للقيام بهجوم مباشر        
124,2035,40,5.3,"يختلف الدود عن الفيروسات في نقطة مهمة جدا، حيث أنه عندما يكرر الفيروس نفسه بواسطة تنفيذ برنامج مصاب يستغل الدود الفجوات في نظام التشغيل للقيام بهجوم مباشر، كما أن الفيروسات لها القدرة على نسخ نفسها. ",5,5,5,5,5,5,5,5,3,5,ما الفرق بين الدود والفيروسات؟,الدود و الفيروسات برامج ماكرة هدفها تخريبي تختلف في طريقة العمل أو الهجوم فبينما يكرر الفيروس نفسه باقترانه ببرامج أخرى تستغل الدودة فجوات في نظام التشغيل للقيام بهجوم مباشر        
95,2006,11,5.3,الدود و الفيروسات كلاهما يعملان على تخريب و مسح البيانات عن الأجهزة إلى أن الفيروسات في برامج مقترنة ببرامج و انشاء نفسها اما الدود فتشغل ثغرات النظام للقيام بهجوم مباشر .,4,4,4.5,5,4.25,4,4,5,3,5,ما الفرق بين الدود والفيروسات؟,الدود و الفيروسات برامج ماكرة هدفها تخريبي تختلف في طريقة العمل أو الهجوم فبينما يكرر الفيروس نفسه باقترانه ببرامج أخرى تستغل الدودة فجوات في نظام التشغيل للقيام بهجوم مباشر        
117,2028,33,5.3,الفيروسات تخرب و تمحي ذاكرة الحاسب و تقوم بنسخ نفسها. الدود : تدخل عبر الثغرات الموجودة في النظام. ,2.5,3,3,3,2.75,3,2,3,3,5,ما الفرق بين الدود والفيروسات؟,الدود و الفيروسات برامج ماكرة هدفها تخريبي تختلف في طريقة العمل أو الهجوم فبينما يكرر الفيروس نفسه باقترانه ببرامج أخرى تستغل الدودة فجوات في نظام التشغيل للقيام بهجوم مباشر        
101,2012,17,5.3,"الفيروس يهاجم البرامج المصابة و يضاعف نفسه ، الدودة تبحث عن الفجوات في البرامج و يقوم بهجوم مباشر .",2,2,4.5,5,3.25,3,3,4,3,5,ما الفرق بين الدود والفيروسات؟,الدود و الفيروسات برامج ماكرة هدفها تخريبي تختلف في طريقة العمل أو الهجوم فبينما يكرر الفيروس نفسه باقترانه ببرامج أخرى تستغل الدودة فجوات في نظام التشغيل للقيام بهجوم مباشر        
127,2038,43,5.3,الفيروس هو برنامج يتم برمجته من أجل وظيفة يقترن مع برامج و فور تحميل هذه البرامج يقوم الفيروس بعمله و يتكاثر أما الدود فله نفس خاصية الفيروس إلا أنه يقوم بالبحث عن الثغرات في نظام التشغيل من أجل هجوم مباشر.,3,3,4.5,5,3.75,4,3,4,3,5,ما الفرق بين الدود والفيروسات؟,الدود و الفيروسات برامج ماكرة هدفها تخريبي تختلف في طريقة العمل أو الهجوم فبينما يكرر الفيروس نفسه باقترانه ببرامج أخرى تستغل الدودة فجوات في نظام التشغيل للقيام بهجوم مباشر        
113,2024,29,5.3,الفيروسات هي برامج هدفها تخريب الملفات و المجلدات و العمل على جعل الجهاز ثقيل .,0,0,0.5,1,0.25,0,0,1,3,5,ما الفرق بين الدود والفيروسات؟,الدود و الفيروسات برامج ماكرة هدفها تخريبي تختلف في طريقة العمل أو الهجوم فبينما يكرر الفيروس نفسه باقترانه ببرامج أخرى تستغل الدودة فجوات في نظام التشغيل للقيام بهجوم مباشر        
86,1997,2,5.3,الدودة على غرار الفيروسات لا تحتاج الى برامج مضيفة للانتشار فيمكنها الانتشار لوحدها باستغلال ثغرات في نظام التشغيل,3,3,3.5,4,3.25,3,3,4,3,5,ما الفرق بين الدود والفيروسات؟,الدود و الفيروسات برامج ماكرة هدفها تخريبي تختلف في طريقة العمل أو الهجوم فبينما يكرر الفيروس نفسه باقترانه ببرامج أخرى تستغل الدودة فجوات في نظام التشغيل للقيام بهجوم مباشر        
132,2043,48,5.3,"الفيروس يقترن بالبرنامج و ينسخ نفسه و يقوم بعمله تخريب مع تشغيل البرنامج، أما الدود فهو عكس الفيروس يدخل مباشرة عبر ثغرات الموجودة في الجهاز أو البرنامج ليقوم بعمله التخريبي.",3.5,4,4,4,3.75,4,3,4,3,5,ما الفرق بين الدود والفيروسات؟,الدود و الفيروسات برامج ماكرة هدفها تخريبي تختلف في طريقة العمل أو الهجوم فبينما يكرر الفيروس نفسه باقترانه ببرامج أخرى تستغل الدودة فجوات في نظام التشغيل للقيام بهجوم مباشر        
108,2019,24,5.3,الفيروس يكون دائما مع برنامج لكي يعمل معه أما الدود فلا يحتاج إلى برنامج ليعمل يمكنه العمل وحده .,2.5,3,2.5,3,2.5,3,2,3,3,5,ما الفرق بين الدود والفيروسات؟,الدود و الفيروسات برامج ماكرة هدفها تخريبي تختلف في طريقة العمل أو الهجوم فبينما يكرر الفيروس نفسه باقترانه ببرامج أخرى تستغل الدودة فجوات في نظام التشغيل للقيام بهجوم مباشر        
120,2031,36,5.3,الفيروس يرتبط ببرنامج معين يقوم بالهجوم عند تشغيل هذا البرنامج أما الدود فيقوم بالهجوم المباشر. ,3,3,3,3,3,3,3,3,3,5,ما الفرق بين الدود والفيروسات؟,الدود و الفيروسات برامج ماكرة هدفها تخريبي تختلف في طريقة العمل أو الهجوم فبينما يكرر الفيروس نفسه باقترانه ببرامج أخرى تستغل الدودة فجوات في نظام التشغيل للقيام بهجوم مباشر        
104,2015,20,5.3,الفيروسات تبقى مرتبطة بالبرامج بينما الدود يقوم بالهجوم مباشرة في حالة العثور على ثغرة أو خلل في النظام .,4,4,4,4,4,4,4,4,3,5,ما الفرق بين الدود والفيروسات؟,الدود و الفيروسات برامج ماكرة هدفها تخريبي تختلف في طريقة العمل أو الهجوم فبينما يكرر الفيروس نفسه باقترانه ببرامج أخرى تستغل الدودة فجوات في نظام التشغيل للقيام بهجوم مباشر        
122,2033,38,5.3,الفيروسات هي برامج صممت عمدا اقترانها ببرامج اخرى تعيد نفسها باقترانها ببرامج اخرى اما الدودة تشتغل فجوات في البرنامج لتقوم بهجومها المباشر.,5,5,4.5,5,4.75,5,4,5,3,5,ما الفرق بين الدود والفيروسات؟,الدود و الفيروسات برامج ماكرة هدفها تخريبي تختلف في طريقة العمل أو الهجوم فبينما يكرر الفيروس نفسه باقترانه ببرامج أخرى تستغل الدودة فجوات في نظام التشغيل للقيام بهجوم مباشر        
90,2001,6,5.3,الفيروسات يقترن لنشأ نفسها على برامج أخرى و الدود يتسلل داخل الأنظمة للخراب .,0.5,1,1,1,0.75,1,0,1,3,5,ما الفرق بين الدود والفيروسات؟,الدود و الفيروسات برامج ماكرة هدفها تخريبي تختلف في طريقة العمل أو الهجوم فبينما يكرر الفيروس نفسه باقترانه ببرامج أخرى تستغل الدودة فجوات في نظام التشغيل للقيام بهجوم مباشر        
85,1996,1,5.3,"الفيروسات برامج هدفها تخريب و شطب المعلومات والبيانات من ذاكرة الحاسوب لديها خاصية نسخ نفسها، بينما الدود تختلف عن الفيروس بصفة واحدة حيث أنه بينما الفيروس نقوم بالنسخ عن طريق تعدد البرنامج المصاب، يقوم الدود باستغلال ثغرات النظام للقيام بهجوم مباشر.",4.5,5,5,5,4.75,5,4,5,3,5,ما الفرق بين الدود والفيروسات؟,الدود و الفيروسات برامج ماكرة هدفها تخريبي تختلف في طريقة العمل أو الهجوم فبينما يكرر الفيروس نفسه باقترانه ببرامج أخرى تستغل الدودة فجوات في نظام التشغيل للقيام بهجوم مباشر        
98,2009,14,5.3,"الدود: يعمل على إستغلال ثغرات النظام للحصول على المعلومة و تحتاج إلى برنامج كي يشغلها . الفيروس: برمجيات ذاتية التشغيل ، تعمل على تخريب الأنظمة و تعطيلها .",0.5,1,1.5,2,1,1,1,1,3,5,ما الفرق بين الدود والفيروسات؟,الدود و الفيروسات برامج ماكرة هدفها تخريبي تختلف في طريقة العمل أو الهجوم فبينما يكرر الفيروس نفسه باقترانه ببرامج أخرى تستغل الدودة فجوات في نظام التشغيل للقيام بهجوم مباشر        
114,2025,30,5.3,"الفيروسات تعمل من خلال البرامج اخرجى، بينما ان الدود  تستغل الثغرات الموجودة في نظام التشغيل التي تنتشر من جهاز الى آخر. ",1.25,2,2,2,1.625,2,1,2,3,5,ما الفرق بين الدود والفيروسات؟,الدود و الفيروسات برامج ماكرة هدفها تخريبي تختلف في طريقة العمل أو الهجوم فبينما يكرر الفيروس نفسه باقترانه ببرامج أخرى تستغل الدودة فجوات في نظام التشغيل للقيام بهجوم مباشر        
128,2039,44,5.3,الفيروسات : تكون متصلة عادة ببرامج لأداء عملها وتقوم بإنتاج نفسها بالاقتران ببرامج أخرى أما الدود فهي تستعمل الفجوات الموجودة على الانظمة لكي تقوم بعملها.,4.5,5,4.5,5,4.5,5,4,5,3,5,ما الفرق بين الدود والفيروسات؟,الدود و الفيروسات برامج ماكرة هدفها تخريبي تختلف في طريقة العمل أو الهجوم فبينما يكرر الفيروس نفسه باقترانه ببرامج أخرى تستغل الدودة فجوات في نظام التشغيل للقيام بهجوم مباشر        
123,2034,39,5.3,"الفيروسات تكون  مثبت على برنامج ما، ما إن يتم تشغيله حتى تقوم هذه الفيروسات بتخريب و نشر خبثها في البرامج الأخرى لتعيد إنشاء نفسها من جديد. أما الدود فيستعمل بوابات و ثغرات في الأجهزة، للقيام بهجوم مباشر على الأجهزة.",5,5,4,4,4.5,4,4,5,3,5,ما الفرق بين الدود والفيروسات؟,الدود و الفيروسات برامج ماكرة هدفها تخريبي تختلف في طريقة العمل أو الهجوم فبينما يكرر الفيروس نفسه باقترانه ببرامج أخرى تستغل الدودة فجوات في نظام التشغيل للقيام بهجوم مباشر        
94,2005,10,5.3,"الفيروسات هي برامج تعتمد على برنامج آخر في عملها و يمكن لها أن تنسخ ذاتها ، أما الدود فهو يبحث عن ثغرات في نظام التشغيل لفعل هجوم مباشر .",3.5,4,4.5,5,4,4,4,4,3,5,ما الفرق بين الدود والفيروسات؟,الدود و الفيروسات برامج ماكرة هدفها تخريبي تختلف في طريقة العمل أو الهجوم فبينما يكرر الفيروس نفسه باقترانه ببرامج أخرى تستغل الدودة فجوات في نظام التشغيل للقيام بهجوم مباشر        
105,2016,21,5.3,الفيروس هو برنامج صمم ليقترن ببرنامج آخر ثم يعيد تشكيل نفسه عند إقترانه ببرامج أخرى . الدود : تستغل الدودة الفجوات في أنظمة التشغيل لتقوم بهجوم مباشر .,4,4,5,5,4.5,4,4,5,3,5,ما الفرق بين الدود والفيروسات؟,الدود و الفيروسات برامج ماكرة هدفها تخريبي تختلف في طريقة العمل أو الهجوم فبينما يكرر الفيروس نفسه باقترانه ببرامج أخرى تستغل الدودة فجوات في نظام التشغيل للقيام بهجوم مباشر        
133,2044,49,5.3,"الفيروسات هي عبارة عن برامج مرتبطة ببرامج أخرى غير مضرة، فور تشغيلها تنطلق الفيروسات و تلتصق ببرامج أخرى بينما الدود مصمم لاستغلال و اختراق الفجوات في. أنظمة التشغيل. ",4,4,4,4,4,4,4,4,3,5,ما الفرق بين الدود والفيروسات؟,الدود و الفيروسات برامج ماكرة هدفها تخريبي تختلف في طريقة العمل أو الهجوم فبينما يكرر الفيروس نفسه باقترانه ببرامج أخرى تستغل الدودة فجوات في نظام التشغيل للقيام بهجوم مباشر        
110,2021,26,5.3,"الفيروسات هي برامج مستخدمة عمدا من أجل تخريب ، إزالة أو تبديل المعلومات في الجهاز تكون في الجهاز ، بينما الدود هو برنامج يقوم بقذف الجهاز بسرعة، بإستعمال فجوات يعبر منها .",2,2,3,3,2.5,2,2,3,3,5,ما الفرق بين الدود والفيروسات؟,الدود و الفيروسات برامج ماكرة هدفها تخريبي تختلف في طريقة العمل أو الهجوم فبينما يكرر الفيروس نفسه باقترانه ببرامج أخرى تستغل الدودة فجوات في نظام التشغيل للقيام بهجوم مباشر        
91,2002,7,5.3,الفيروس برنامج يعمل بواسطة برنامج آخر و يتم عمله عند عمل ذلك البرنامج . أما الدود فيستغل فجوات النظام ليهجم بسرعة .,3.5,4,3,3,3.25,3,3,4,3,5,ما الفرق بين الدود والفيروسات؟,الدود و الفيروسات برامج ماكرة هدفها تخريبي تختلف في طريقة العمل أو الهجوم فبينما يكرر الفيروس نفسه باقترانه ببرامج أخرى تستغل الدودة فجوات في نظام التشغيل للقيام بهجوم مباشر        
89,2000,5,5.3,"الفيروسات أعدها الإنسان بهدف التخريب و الشطب فتقوم بمسح بيانات ذاكرة الحاسوب و تكون ضمن برنامج آخر و بإمكانها نسخ نفسها ، أما الدود يقوم بإستغلال ثغرات النظام و تقوم بالمهاجمة مباشرة .",4,4,4,4,4,4,4,4,3,5,ما الفرق بين الدود والفيروسات؟,الدود و الفيروسات برامج ماكرة هدفها تخريبي تختلف في طريقة العمل أو الهجوم فبينما يكرر الفيروس نفسه باقترانه ببرامج أخرى تستغل الدودة فجوات في نظام التشغيل للقيام بهجوم مباشر        
131,2042,47,5.3,"الفيروسات هي برامج من صنع المخترقين تتميز بأنها لا تعمل الى على برامج اخرى، و قد تتسبب في حذف كافة البيانات و لها القدرة على استنساخ نفسها. أما الدود فهي برامج تكتشف ثغرات البرامج الأخرى لتهاجمها. ",3.5,4,4.5,5,4,4,4,4,3,5,ما الفرق بين الدود والفيروسات؟,الدود و الفيروسات برامج ماكرة هدفها تخريبي تختلف في طريقة العمل أو الهجوم فبينما يكرر الفيروس نفسه باقترانه ببرامج أخرى تستغل الدودة فجوات في نظام التشغيل للقيام بهجوم مباشر        
134,2045,50,5.3,الدود:استهداف ثغرات الأمنية في النظام و الهجوم المباشر. أما الفيروسات فتقوم باقتران برامج و فور عمل البرنامج تعمل هي أيضا و تنتج عبر الاقتران ببرامج أخرى. ,3.5,4,3.5,4,3.5,4,3,4,3,5,ما الفرق بين الدود والفيروسات؟,الدود و الفيروسات برامج ماكرة هدفها تخريبي تختلف في طريقة العمل أو الهجوم فبينما يكرر الفيروس نفسه باقترانه ببرامج أخرى تستغل الدودة فجوات في نظام التشغيل للقيام بهجوم مباشر        
107,2018,23,5.3,الفيروسات تكون مرتبطة ببرامج أخرى أما الدود تكون مستقلة .,1,1,1,1,1,1,1,1,3,5,ما الفرق بين الدود والفيروسات؟,الدود و الفيروسات برامج ماكرة هدفها تخريبي تختلف في طريقة العمل أو الهجوم فبينما يكرر الفيروس نفسه باقترانه ببرامج أخرى تستغل الدودة فجوات في نظام التشغيل للقيام بهجوم مباشر        
88,1999,4,5.3,الفيروس هو نظام خبيث يستعمل لتعطيل برنامج عن عمله الأصلي و هو يعمل عندما يكون هذا البرنامج المستهدف يعمل.,2,2,1.5,2,1.75,2,1,2,3,5,ما الفرق بين الدود والفيروسات؟,الدود و الفيروسات برامج ماكرة هدفها تخريبي تختلف في طريقة العمل أو الهجوم فبينما يكرر الفيروس نفسه باقترانه ببرامج أخرى تستغل الدودة فجوات في نظام التشغيل للقيام بهجوم مباشر        
129,2040,45,5.3,"الفيروسات عند الاندماج ببرنامج آخر يتم إصابته و لديه القدرة على التكاثر و الاستنساخ ، الدود يتم إصابة البرنامج دون اصابته مباشرة.",2,2,2.5,3,2.25,2,2,3,3,5,ما الفرق بين الدود والفيروسات؟,الدود و الفيروسات برامج ماكرة هدفها تخريبي تختلف في طريقة العمل أو الهجوم فبينما يكرر الفيروس نفسه باقترانه ببرامج أخرى تستغل الدودة فجوات في نظام التشغيل للقيام بهجوم مباشر        
154,2065,20,5.4,"القرصنة : اختراق لمواقع بهدف سرقة واتلاف البيانات، اختبار الاختراق : يقوم بها مختصون لاختبار المنتوج واظهار عيوبه ليتمكن المبرمج من اصلاح هده العيوب و الثغرات",3.5,4,3.5,4,3.5,4,3,4,4,5,ما الفرق بين القرصنة واختبار الاختراق؟,القرصنة هي جريمة اختراق وسرقة معلومات يقوم بها قراصنة القبعات السوداء دون اذن لاغراض تخريبية أما اختبار الاختراق فيتم فيه توظيف العديد من ذوي القبعات البيضاء لاختبار أنظمة أمان أجهزة الكمبيوتر في المؤسسات مما يسمح بتحديد عيوبها وثغراتها قصد تحسين دفاعاتها
173,2084,39,5.4,"اختبار الاختراق هو توظيف قراصنة القبعات البيضاء و استغلال معرفتهم بنظام امن الكمبيوتر لتحسين و تقوية دفاع الانظمة المؤسسات و المنظمات، القرصنة هي اقتحام انظمة التشغيل و الشبكات الخاصة دون الحصول على اذن بواسطة برامج مختصة ",5,5,5,5,5,5,5,5,4,5,ما الفرق بين القرصنة واختبار الاختراق؟,القرصنة هي جريمة اختراق وسرقة معلومات يقوم بها قراصنة القبعات السوداء دون اذن لاغراض تخريبية أما اختبار الاختراق فيتم فيه توظيف العديد من ذوي القبعات البيضاء لاختبار أنظمة أمان أجهزة الكمبيوتر في المؤسسات مما يسمح بتحديد عيوبها وثغراتها قصد تحسين دفاعاتها
158,2069,24,5.4,"القرصنة عمل يعود بالخسارة على الضحية و بالربح على المخترق، أما اختبار الاختراق هو إحضار أشخاص لاختبار امن النظام والدي يعود بالمنفعة",4,4,4,4,4,4,4,4,4,5,ما الفرق بين القرصنة واختبار الاختراق؟,القرصنة هي جريمة اختراق وسرقة معلومات يقوم بها قراصنة القبعات السوداء دون اذن لاغراض تخريبية أما اختبار الاختراق فيتم فيه توظيف العديد من ذوي القبعات البيضاء لاختبار أنظمة أمان أجهزة الكمبيوتر في المؤسسات مما يسمح بتحديد عيوبها وثغراتها قصد تحسين دفاعاتها
163,2074,29,5.4,"القرصنة  هي اختراق  من اجل سرقة معلومات و اخذ البيانات مثل سرقة معلومات سرية ووضعها ويكيليكس، اختبار الاختراق هو محاولة فك شفرة او العبور او بطريقة اخرى للتمكن من دخول نظام ما ",2.5,3,2.5,3,2.5,3,2,3,4,5,ما الفرق بين القرصنة واختبار الاختراق؟,القرصنة هي جريمة اختراق وسرقة معلومات يقوم بها قراصنة القبعات السوداء دون اذن لاغراض تخريبية أما اختبار الاختراق فيتم فيه توظيف العديد من ذوي القبعات البيضاء لاختبار أنظمة أمان أجهزة الكمبيوتر في المؤسسات مما يسمح بتحديد عيوبها وثغراتها قصد تحسين دفاعاتها
142,2053,8,5.4,تعتبر القرصنة فعل غير اخلاقي فهي اختراق بدون اذن بهدف السرقة أو تخريب المعلومات أما اختبار الاختراق فهو فعل اخلاقي ومشروع هدفه كشف الثغرات بهدف اصلاحها و تقوية نظام الأمن.,4,4,4,4,4,4,4,4,4,5,ما الفرق بين القرصنة واختبار الاختراق؟,القرصنة هي جريمة اختراق وسرقة معلومات يقوم بها قراصنة القبعات السوداء دون اذن لاغراض تخريبية أما اختبار الاختراق فيتم فيه توظيف العديد من ذوي القبعات البيضاء لاختبار أنظمة أمان أجهزة الكمبيوتر في المؤسسات مما يسمح بتحديد عيوبها وثغراتها قصد تحسين دفاعاتها
176,2087,42,5.4,"القرصنة هي اختراق الأرقام السرية و سرقة المعلومات و اتلافها و تخريبها، اختبار الاختراق هو اختراق نظام الأمن من طرف قراصنة القبعة البيضاء و بعد اكتشاف الثغرات يتم اصلاحها و هذا كله بإذن من المؤسسة",5,5,4.5,5,4.75,5,4,5,4,5,ما الفرق بين القرصنة واختبار الاختراق؟,القرصنة هي جريمة اختراق وسرقة معلومات يقوم بها قراصنة القبعات السوداء دون اذن لاغراض تخريبية أما اختبار الاختراق فيتم فيه توظيف العديد من ذوي القبعات البيضاء لاختبار أنظمة أمان أجهزة الكمبيوتر في المؤسسات مما يسمح بتحديد عيوبها وثغراتها قصد تحسين دفاعاتها
170,2081,36,5.4,"القرصنة اختراق الأنظمة، اختبار الاختراق هو اختبار معترف به علم الاختراق و الامن المعلوماتي و عدة شركات يقومون بتوظيف الناجحين فيه",3,3,3,3,3,3,3,3,4,5,ما الفرق بين القرصنة واختبار الاختراق؟,القرصنة هي جريمة اختراق وسرقة معلومات يقوم بها قراصنة القبعات السوداء دون اذن لاغراض تخريبية أما اختبار الاختراق فيتم فيه توظيف العديد من ذوي القبعات البيضاء لاختبار أنظمة أمان أجهزة الكمبيوتر في المؤسسات مما يسمح بتحديد عيوبها وثغراتها قصد تحسين دفاعاتها
155,2066,21,5.4,"القرصنة هي عملية الاختراق من دون رخصة، اختبار الاختراق: هي عملية اختراق برخصة",1.5,2,1.5,2,1.5,2,1,2,4,5,ما الفرق بين القرصنة واختبار الاختراق؟,القرصنة هي جريمة اختراق وسرقة معلومات يقوم بها قراصنة القبعات السوداء دون اذن لاغراض تخريبية أما اختبار الاختراق فيتم فيه توظيف العديد من ذوي القبعات البيضاء لاختبار أنظمة أمان أجهزة الكمبيوتر في المؤسسات مما يسمح بتحديد عيوبها وثغراتها قصد تحسين دفاعاتها
143,2054,9,5.4,القرصنة تكون محل اهتمام المخترقين برغبتهم للوصول الى شيء ما و اصحابها هم الكراكر و اصحاب القبعة الرمادية اما اختبار الاختراق تطلبه المؤسسات من اصحاب القبعة البيضاء لمعرفة دفاعيتها و تحسينها.,4,4,4,4,4,4,4,4,4,5,ما الفرق بين القرصنة واختبار الاختراق؟,القرصنة هي جريمة اختراق وسرقة معلومات يقوم بها قراصنة القبعات السوداء دون اذن لاغراض تخريبية أما اختبار الاختراق فيتم فيه توظيف العديد من ذوي القبعات البيضاء لاختبار أنظمة أمان أجهزة الكمبيوتر في المؤسسات مما يسمح بتحديد عيوبها وثغراتها قصد تحسين دفاعاتها
139,2050,5,5.4,اختبار الاختراق يكون تحت امر من الشركة التي تطلب ذلك على عكس القرصنة التي تتم بدون اذن وتقام للنشر و التشهير والابتزاز بالاضافة الى تكبيد خسائر هائلة.,3.5,4,3.5,4,3.5,4,3,4,4,5,ما الفرق بين القرصنة واختبار الاختراق؟,القرصنة هي جريمة اختراق وسرقة معلومات يقوم بها قراصنة القبعات السوداء دون اذن لاغراض تخريبية أما اختبار الاختراق فيتم فيه توظيف العديد من ذوي القبعات البيضاء لاختبار أنظمة أمان أجهزة الكمبيوتر في المؤسسات مما يسمح بتحديد عيوبها وثغراتها قصد تحسين دفاعاتها
140,2051,6,5.4,"الاختراق هو اقتحام المخترقون لموقع أو شبكة لغاية تغيير أو حذف معلومات تغيير واجهة الموقع، أما القرصنة فهي السيطرة على برنامج أو شبكة لغاية السرقة والتخريب.",2.5,3,1,1,1.75,2,1,2,4,5,ما الفرق بين القرصنة واختبار الاختراق؟,القرصنة هي جريمة اختراق وسرقة معلومات يقوم بها قراصنة القبعات السوداء دون اذن لاغراض تخريبية أما اختبار الاختراق فيتم فيه توظيف العديد من ذوي القبعات البيضاء لاختبار أنظمة أمان أجهزة الكمبيوتر في المؤسسات مما يسمح بتحديد عيوبها وثغراتها قصد تحسين دفاعاتها
150,2061,16,5.4,القرصنة هي انتهاك خصوصيات و إشهارها لا قانونيا بينما اختبار الإختراق هو إختراق منظم و قانوني بحيث تطلب المؤسسة من الهاكر بإختراق أنظمتها و هذا لا يعاقب عليه القانون.,4,4,3.5,4,3.75,4,3,4,4,5,ما الفرق بين القرصنة واختبار الاختراق؟,القرصنة هي جريمة اختراق وسرقة معلومات يقوم بها قراصنة القبعات السوداء دون اذن لاغراض تخريبية أما اختبار الاختراق فيتم فيه توظيف العديد من ذوي القبعات البيضاء لاختبار أنظمة أمان أجهزة الكمبيوتر في المؤسسات مما يسمح بتحديد عيوبها وثغراتها قصد تحسين دفاعاتها
146,2057,12,5.4,"القرصنة: و تكون عن طريق الكراكر هدفها الاختراق من اجل الافساد و التخريب للنظام الالكتروني و التحكم في الجهاز، اختبار الاختراق: و تكون عن طريق الهاكر هدفها مقيد من اجل تحسين و تطوير النظام الالكتروني و صيانته.",4,4,4.5,5,4.25,4,4,5,4,5,ما الفرق بين القرصنة واختبار الاختراق؟,القرصنة هي جريمة اختراق وسرقة معلومات يقوم بها قراصنة القبعات السوداء دون اذن لاغراض تخريبية أما اختبار الاختراق فيتم فيه توظيف العديد من ذوي القبعات البيضاء لاختبار أنظمة أمان أجهزة الكمبيوتر في المؤسسات مما يسمح بتحديد عيوبها وثغراتها قصد تحسين دفاعاتها
141,2052,7,5.4,"هو اختراق الانظمة والشبكات لكن القرصنة هدفها تسريب غير اخلاقي كسرقة المعلومات حذفها أو تخريبها ، اما اختبار الاختراق هو معرفة ثغرات وعيوب النظام من أجل تحسين دفاع وأمن النظام.",3.5,4,2.5,3,3,3,3,3,4,5,ما الفرق بين القرصنة واختبار الاختراق؟,القرصنة هي جريمة اختراق وسرقة معلومات يقوم بها قراصنة القبعات السوداء دون اذن لاغراض تخريبية أما اختبار الاختراق فيتم فيه توظيف العديد من ذوي القبعات البيضاء لاختبار أنظمة أمان أجهزة الكمبيوتر في المؤسسات مما يسمح بتحديد عيوبها وثغراتها قصد تحسين دفاعاتها
164,2075,30,5.4,الاختراق هو اقتحام انظمة اجهزة  الحاسب بمساعدة برامج تعمل على معرفة كلمات السر و كلمات المرور اما القرصنة فتتمثل في اختراق الانظمة من اجل الوصول الى المعلومات و التلاعب بها ,1.5,2,1,1,1.25,1,1,2,4,5,ما الفرق بين القرصنة واختبار الاختراق؟,القرصنة هي جريمة اختراق وسرقة معلومات يقوم بها قراصنة القبعات السوداء دون اذن لاغراض تخريبية أما اختبار الاختراق فيتم فيه توظيف العديد من ذوي القبعات البيضاء لاختبار أنظمة أمان أجهزة الكمبيوتر في المؤسسات مما يسمح بتحديد عيوبها وثغراتها قصد تحسين دفاعاتها
135,2046,1,5.4,القرصنة: اختراق النظام من اجل الحصول على معلومات شخصية اختبار الاختراق يقوم المخترق باختبار نظام المؤسسة وذلك بالبحث عن الثغرات الموجودة ويقوم باختراقها ليخبر بعد ذلك المؤسسة لتقوم هي الاخيرة بتصحيح النظام وصيانته.,4,4,4.5,5,4.25,4,4,5,4,5,ما الفرق بين القرصنة واختبار الاختراق؟,القرصنة هي جريمة اختراق وسرقة معلومات يقوم بها قراصنة القبعات السوداء دون اذن لاغراض تخريبية أما اختبار الاختراق فيتم فيه توظيف العديد من ذوي القبعات البيضاء لاختبار أنظمة أمان أجهزة الكمبيوتر في المؤسسات مما يسمح بتحديد عيوبها وثغراتها قصد تحسين دفاعاتها
165,2076,31,5.4,الاختراق يمس جميع الانظمة و شبكات الخاصة و  خاصة الاجهزة المتصلة بالانترنت اما القرصنة فمثل تسريب ويكيلكس لوثائق الدبلوماسيين الامريكيين الخاصة ,1.5,2,1,1,1.25,1,1,2,4,5,ما الفرق بين القرصنة واختبار الاختراق؟,القرصنة هي جريمة اختراق وسرقة معلومات يقوم بها قراصنة القبعات السوداء دون اذن لاغراض تخريبية أما اختبار الاختراق فيتم فيه توظيف العديد من ذوي القبعات البيضاء لاختبار أنظمة أمان أجهزة الكمبيوتر في المؤسسات مما يسمح بتحديد عيوبها وثغراتها قصد تحسين دفاعاتها
178,2089,44,5.4,القرصنة غالبا هدفها تخريب الأنظمة المعلوماتية و تجاوز الخصوصيات و التعدي على الانظمة الأمنية أما اختبار الاختراق فيهدف الى ايجاد الثغرات في الأنظمة و محاولة ايجاد حل لها أ و التبليغ عنها للمصالح المختصة,5,5,4.5,5,4.75,5,4,5,4,5,ما الفرق بين القرصنة واختبار الاختراق؟,القرصنة هي جريمة اختراق وسرقة معلومات يقوم بها قراصنة القبعات السوداء دون اذن لاغراض تخريبية أما اختبار الاختراق فيتم فيه توظيف العديد من ذوي القبعات البيضاء لاختبار أنظمة أمان أجهزة الكمبيوتر في المؤسسات مما يسمح بتحديد عيوبها وثغراتها قصد تحسين دفاعاتها
136,2047,2,5.4,"القرصنة هي عملية الاختراق من اجل التخريب ، اختبار الاختراق: هي عملية اختراق من اجل تطوير النظام الدفاعي و تصحيحه.",3.5,4,4,4,3.75,4,3,4,4,5,ما الفرق بين القرصنة واختبار الاختراق؟,القرصنة هي جريمة اختراق وسرقة معلومات يقوم بها قراصنة القبعات السوداء دون اذن لاغراض تخريبية أما اختبار الاختراق فيتم فيه توظيف العديد من ذوي القبعات البيضاء لاختبار أنظمة أمان أجهزة الكمبيوتر في المؤسسات مما يسمح بتحديد عيوبها وثغراتها قصد تحسين دفاعاتها
156,2067,22,5.4,القرصنة يعاقب عليها القانون اما اختبار الاختراق فهو وظيفة للقراصنة البيض يحصلون على جوائز من هدا الاختبار ,3.5,4,5,5,4.25,4,4,5,4,5,ما الفرق بين القرصنة واختبار الاختراق؟,القرصنة هي جريمة اختراق وسرقة معلومات يقوم بها قراصنة القبعات السوداء دون اذن لاغراض تخريبية أما اختبار الاختراق فيتم فيه توظيف العديد من ذوي القبعات البيضاء لاختبار أنظمة أمان أجهزة الكمبيوتر في المؤسسات مما يسمح بتحديد عيوبها وثغراتها قصد تحسين دفاعاتها
147,2058,13,5.4,"القرصنة هي اختراق نظام أو محاولة فعل ذلك بدون إذن و لغرض إلحاق الضرر ، إختبار الإختراق هي أن تأذن المؤسسة لمجموعة من ذوي القبعات البيضاء بمحاولة إختراق نظامها و الإبلاغ عن الثغرات و ذلك بغرض سدها و حماية النظام   ",5,5,5,5,5,5,5,5,4,5,ما الفرق بين القرصنة واختبار الاختراق؟,القرصنة هي جريمة اختراق وسرقة معلومات يقوم بها قراصنة القبعات السوداء دون اذن لاغراض تخريبية أما اختبار الاختراق فيتم فيه توظيف العديد من ذوي القبعات البيضاء لاختبار أنظمة أمان أجهزة الكمبيوتر في المؤسسات مما يسمح بتحديد عيوبها وثغراتها قصد تحسين دفاعاتها
167,2078,33,5.4,"اختبار الاختراق عادة يعني تصريح من صاحب النظام وعلى مختبر الاختراق تقديم تقويم وعدم المساس باي شيء، اما القراصنة فعادة تكون من اجل اتلاف او السرقة وهوية القرصان تبقى مجهولة من طرفه ",3,3,3,3,3,3,3,3,4,5,ما الفرق بين القرصنة واختبار الاختراق؟,القرصنة هي جريمة اختراق وسرقة معلومات يقوم بها قراصنة القبعات السوداء دون اذن لاغراض تخريبية أما اختبار الاختراق فيتم فيه توظيف العديد من ذوي القبعات البيضاء لاختبار أنظمة أمان أجهزة الكمبيوتر في المؤسسات مما يسمح بتحديد عيوبها وثغراتها قصد تحسين دفاعاتها
177,2088,43,5.4,"اختبار الاختراق هو اختراق أنظمة الحواسيب في مؤسسة ما مثلا لاكتشاف الثغرات الموجودة فيها، اما القرصنة اختراق الحاسوب بواسطة برامج فك كلمة المرور مثلا لشقة المعلومات و البيانات و تخريبها",4,4,4,4,4,4,4,4,4,5,ما الفرق بين القرصنة واختبار الاختراق؟,القرصنة هي جريمة اختراق وسرقة معلومات يقوم بها قراصنة القبعات السوداء دون اذن لاغراض تخريبية أما اختبار الاختراق فيتم فيه توظيف العديد من ذوي القبعات البيضاء لاختبار أنظمة أمان أجهزة الكمبيوتر في المؤسسات مما يسمح بتحديد عيوبها وثغراتها قصد تحسين دفاعاتها
148,2059,14,5.4,"القرصنة جريمة يقوم بها القراصنة ( قبعة سوداء و رمادية ) دون إذن و نتائجه سلبية على الضحية ، إختبار الإختراق و هو يدخل في عمل القراصنة ذوي القبعة البيضاء هم يحاولون الإختراق بإذن المسؤولين لإكتشاف الثغرات والعيوب و تصليحها.",3.5,4,4.5,5,4,4,4,4,4,5,ما الفرق بين القرصنة واختبار الاختراق؟,القرصنة هي جريمة اختراق وسرقة معلومات يقوم بها قراصنة القبعات السوداء دون اذن لاغراض تخريبية أما اختبار الاختراق فيتم فيه توظيف العديد من ذوي القبعات البيضاء لاختبار أنظمة أمان أجهزة الكمبيوتر في المؤسسات مما يسمح بتحديد عيوبها وثغراتها قصد تحسين دفاعاتها
175,2086,41,5.4,الفرق بين نياتهم القراصنة يخترقون لتحقيق أهداف الحرية و اختبار الاختراق مصمم لإيجاد نقاط ضعف الأنظمة و تحسينها,3,3,2,2,2.5,2,2,3,4,5,ما الفرق بين القرصنة واختبار الاختراق؟,القرصنة هي جريمة اختراق وسرقة معلومات يقوم بها قراصنة القبعات السوداء دون اذن لاغراض تخريبية أما اختبار الاختراق فيتم فيه توظيف العديد من ذوي القبعات البيضاء لاختبار أنظمة أمان أجهزة الكمبيوتر في المؤسسات مما يسمح بتحديد عيوبها وثغراتها قصد تحسين دفاعاتها
137,2048,3,5.4,القرصنة هي اختراق جهاز لسرقة معلومات  او لتدميره و هذا عمل  القبعات السوداء الكراكر اما اختبار الاختراق و هو مؤسسة تعيين شخص لإختراق نظامها لمعرفة الثغرات الموجودة وعدد تلك الثغرات وهذا عمل القبعات البيضاء.,4.5,5,3.5,4,4,4,4,4,4,5,ما الفرق بين القرصنة واختبار الاختراق؟,القرصنة هي جريمة اختراق وسرقة معلومات يقوم بها قراصنة القبعات السوداء دون اذن لاغراض تخريبية أما اختبار الاختراق فيتم فيه توظيف العديد من ذوي القبعات البيضاء لاختبار أنظمة أمان أجهزة الكمبيوتر في المؤسسات مما يسمح بتحديد عيوبها وثغراتها قصد تحسين دفاعاتها
152,2063,18,5.4,"القرصنة : هي الدخول و السيطرة على نظام ما بشكل كامل ، اختبار الإختراق : هو الشروع على دخول نظام ما و لكن ليس بشكل كلي و لكن بكل ودية حتى يصبح مقرصن.",1,1,1.5,2,1.25,1,1,2,4,5,ما الفرق بين القرصنة واختبار الاختراق؟,القرصنة هي جريمة اختراق وسرقة معلومات يقوم بها قراصنة القبعات السوداء دون اذن لاغراض تخريبية أما اختبار الاختراق فيتم فيه توظيف العديد من ذوي القبعات البيضاء لاختبار أنظمة أمان أجهزة الكمبيوتر في المؤسسات مما يسمح بتحديد عيوبها وثغراتها قصد تحسين دفاعاتها
138,2049,4,5.4,"اختبار الاختراق هو ما تقوم به المؤسسة للتعرف على قوة نظامها ، القرصنة هو ما يقوم به المخترق بصفة غير قانونية قصد احداث اضرار للنظام.",3.5,4,3.5,4,3.5,4,3,4,4,5,ما الفرق بين القرصنة واختبار الاختراق؟,القرصنة هي جريمة اختراق وسرقة معلومات يقوم بها قراصنة القبعات السوداء دون اذن لاغراض تخريبية أما اختبار الاختراق فيتم فيه توظيف العديد من ذوي القبعات البيضاء لاختبار أنظمة أمان أجهزة الكمبيوتر في المؤسسات مما يسمح بتحديد عيوبها وثغراتها قصد تحسين دفاعاتها
161,2072,27,5.4,"القرصنة تكون بالتسلل و الاختراق بعمد  وهذا فعل غير قانوني، أما اختبار الاختراق يكون بتصريح يقوم به  جماعة من الهاكر لتحقيق الامن و يتم بصفة قانونية",4.5,5,4.5,5,4.5,5,4,5,4,5,ما الفرق بين القرصنة واختبار الاختراق؟,القرصنة هي جريمة اختراق وسرقة معلومات يقوم بها قراصنة القبعات السوداء دون اذن لاغراض تخريبية أما اختبار الاختراق فيتم فيه توظيف العديد من ذوي القبعات البيضاء لاختبار أنظمة أمان أجهزة الكمبيوتر في المؤسسات مما يسمح بتحديد عيوبها وثغراتها قصد تحسين دفاعاتها
159,2070,25,5.4,"القرصنة هو اقتحام غير أخلاقي، اما اختبار الاختراق هو اقتحام غير أخلاقي منظم من طرف جهات معنية",3.5,4,3.5,4,3.5,4,3,4,4,5,ما الفرق بين القرصنة واختبار الاختراق؟,القرصنة هي جريمة اختراق وسرقة معلومات يقوم بها قراصنة القبعات السوداء دون اذن لاغراض تخريبية أما اختبار الاختراق فيتم فيه توظيف العديد من ذوي القبعات البيضاء لاختبار أنظمة أمان أجهزة الكمبيوتر في المؤسسات مما يسمح بتحديد عيوبها وثغراتها قصد تحسين دفاعاتها
168,2079,34,5.4,القرصنة  تتم  من اجل سرقة المعلومات او تحطيم النظام على عكس اختبار الاختراق الذي يتم من اجل ايجاد الثغرات وقدرة النظام على مكافحة الاختراقات ,4,4,3.5,4,3.75,4,3,4,4,5,ما الفرق بين القرصنة واختبار الاختراق؟,القرصنة هي جريمة اختراق وسرقة معلومات يقوم بها قراصنة القبعات السوداء دون اذن لاغراض تخريبية أما اختبار الاختراق فيتم فيه توظيف العديد من ذوي القبعات البيضاء لاختبار أنظمة أمان أجهزة الكمبيوتر في المؤسسات مما يسمح بتحديد عيوبها وثغراتها قصد تحسين دفاعاتها
171,2082,37,5.4,"القرصنة تتم باقتحام الجهاز او البريد الالكتروني للمستخدم للحصول على اسرار تخصه او معلومات عن حياته او خصوصياته، اما الاختراق فيكون هدفه الاطلاع على المعلومات او سرقتها او ازالتها",2,2,2.5,3,2.25,2,2,3,4,5,ما الفرق بين القرصنة واختبار الاختراق؟,القرصنة هي جريمة اختراق وسرقة معلومات يقوم بها قراصنة القبعات السوداء دون اذن لاغراض تخريبية أما اختبار الاختراق فيتم فيه توظيف العديد من ذوي القبعات البيضاء لاختبار أنظمة أمان أجهزة الكمبيوتر في المؤسسات مما يسمح بتحديد عيوبها وثغراتها قصد تحسين دفاعاتها
144,2055,10,5.4,"القرصنة هو اختراق نظام و القيام بعمل تخريبي (سرقة معلومات، تخريب النظام..) من اجل مكسب شخصي ، اختبار الاختراق هو اختراق نظام من اجل اكتشاف الثغرات دون تخريب ذلك النظام.",2.5,3,4,4,3.25,3,3,4,4,5,ما الفرق بين القرصنة واختبار الاختراق؟,القرصنة هي جريمة اختراق وسرقة معلومات يقوم بها قراصنة القبعات السوداء دون اذن لاغراض تخريبية أما اختبار الاختراق فيتم فيه توظيف العديد من ذوي القبعات البيضاء لاختبار أنظمة أمان أجهزة الكمبيوتر في المؤسسات مما يسمح بتحديد عيوبها وثغراتها قصد تحسين دفاعاتها
162,2073,28,5.4,"الاختراق هو الولوج الى قاعدة البيانات دون تغييرها، اما القرصنة فهي الولوج ثم سرقة المعلومات و كسر انظمة الحماية",3,3,4,4,3.5,3,3,4,4,5,ما الفرق بين القرصنة واختبار الاختراق؟,القرصنة هي جريمة اختراق وسرقة معلومات يقوم بها قراصنة القبعات السوداء دون اذن لاغراض تخريبية أما اختبار الاختراق فيتم فيه توظيف العديد من ذوي القبعات البيضاء لاختبار أنظمة أمان أجهزة الكمبيوتر في المؤسسات مما يسمح بتحديد عيوبها وثغراتها قصد تحسين دفاعاتها
145,2056,11,5.4,"الاختراق هو عملية اقتحام البرامج لافراد او مؤسسات خاصة او عامة باستخدام برامج فك كلمة مرور السر بهدف تخريب المعلومات، القرصنة فهي تحدث عن طريق الاختراق الاجهزة بهدف التخريب بطرق غير شرعية و هذه مسالة اثرت لاخلاقية استعمال الانترنت.",4,4,4,4,4,4,4,4,4,5,ما الفرق بين القرصنة واختبار الاختراق؟,القرصنة هي جريمة اختراق وسرقة معلومات يقوم بها قراصنة القبعات السوداء دون اذن لاغراض تخريبية أما اختبار الاختراق فيتم فيه توظيف العديد من ذوي القبعات البيضاء لاختبار أنظمة أمان أجهزة الكمبيوتر في المؤسسات مما يسمح بتحديد عيوبها وثغراتها قصد تحسين دفاعاتها
153,2064,19,5.4,القرصنة هي اختراق النظام و سرقة المعلومات مثل ويكيليكس.,1,1,0.5,1,0.75,1,0,1,4,5,ما الفرق بين القرصنة واختبار الاختراق؟,القرصنة هي جريمة اختراق وسرقة معلومات يقوم بها قراصنة القبعات السوداء دون اذن لاغراض تخريبية أما اختبار الاختراق فيتم فيه توظيف العديد من ذوي القبعات البيضاء لاختبار أنظمة أمان أجهزة الكمبيوتر في المؤسسات مما يسمح بتحديد عيوبها وثغراتها قصد تحسين دفاعاتها
172,2083,38,5.4,القرصنة هي عملية اختراق يقوم بها القراصنة من اجل أهداف مختلفة أما اختبار الاختراق تقوم به الأنظمة محاولة اختراق انظمتها من اجل زيادة الامان و سد الثغرات و الأخطاء,3.5,4,4,4,3.75,4,3,4,4,5,ما الفرق بين القرصنة واختبار الاختراق؟,القرصنة هي جريمة اختراق وسرقة معلومات يقوم بها قراصنة القبعات السوداء دون اذن لاغراض تخريبية أما اختبار الاختراق فيتم فيه توظيف العديد من ذوي القبعات البيضاء لاختبار أنظمة أمان أجهزة الكمبيوتر في المؤسسات مما يسمح بتحديد عيوبها وثغراتها قصد تحسين دفاعاتها
166,2077,32,5.4,اختبار الاختراق هي محاولة اختراق النظام بطلب من العملاء من اجل معرفة صحة النظام و تحسينه بعد ذلك اما القرصنة هي عمل غير قانوني يتم باختراق الاجهزة و النظامات بدوا اخذ الاذن بهدف التجسس و السرقة ,4.5,5,4.5,5,4.5,5,4,5,4,5,ما الفرق بين القرصنة واختبار الاختراق؟,القرصنة هي جريمة اختراق وسرقة معلومات يقوم بها قراصنة القبعات السوداء دون اذن لاغراض تخريبية أما اختبار الاختراق فيتم فيه توظيف العديد من ذوي القبعات البيضاء لاختبار أنظمة أمان أجهزة الكمبيوتر في المؤسسات مما يسمح بتحديد عيوبها وثغراتها قصد تحسين دفاعاتها
174,2085,40,5.4,القرصنة هي جريمة و التي تكون بدون اذن أو ترخيص من الضحية بينما الاختبار الاختراق فهو اختبار من المؤسسات للقبعات البيضاء من اجل تأمين  برنامجها قبل ان يطلق للزبون,3.5,4,3.5,4,3.5,4,3,4,4,5,ما الفرق بين القرصنة واختبار الاختراق؟,القرصنة هي جريمة اختراق وسرقة معلومات يقوم بها قراصنة القبعات السوداء دون اذن لاغراض تخريبية أما اختبار الاختراق فيتم فيه توظيف العديد من ذوي القبعات البيضاء لاختبار أنظمة أمان أجهزة الكمبيوتر في المؤسسات مما يسمح بتحديد عيوبها وثغراتها قصد تحسين دفاعاتها
169,2080,35,5.4,"القرصنة تكون باقتحام النظام من اجل تحقيق مصالح و مكاسب شخصية، اختبار الاختراق يكون من طرف الخبراء (قراصنة القبعات البيضاء) وبتصريح من المؤسسات باستعمال برامج معدة مسبقا من اجل اختبار امن الموقع ",4,4,4,4,4,4,4,4,4,5,ما الفرق بين القرصنة واختبار الاختراق؟,القرصنة هي جريمة اختراق وسرقة معلومات يقوم بها قراصنة القبعات السوداء دون اذن لاغراض تخريبية أما اختبار الاختراق فيتم فيه توظيف العديد من ذوي القبعات البيضاء لاختبار أنظمة أمان أجهزة الكمبيوتر في المؤسسات مما يسمح بتحديد عيوبها وثغراتها قصد تحسين دفاعاتها
160,2071,26,5.4,تعتبر القرصنة فعل غير اخلاقي فهي اختراق بدون اذن بهدف السرقة أو تخريب المعلومات أما اختبار الاختراق فهو فعل اخلاقي ومشروع هدفه كشف الثغرات بهدف اصلاحها و تقوية نظام الأمن,4,4,4,4,4,4,4,4,4,5,ما الفرق بين القرصنة واختبار الاختراق؟,القرصنة هي جريمة اختراق وسرقة معلومات يقوم بها قراصنة القبعات السوداء دون اذن لاغراض تخريبية أما اختبار الاختراق فيتم فيه توظيف العديد من ذوي القبعات البيضاء لاختبار أنظمة أمان أجهزة الكمبيوتر في المؤسسات مما يسمح بتحديد عيوبها وثغراتها قصد تحسين دفاعاتها
157,2068,23,5.4,القرصنة هم اشخاص يؤمنون بحرية الراي يطلعون على المعلومات الشخصية للناس اما الاختراق فهو سرقة المواقع,2.5,3,0.5,1,1.5,2,1,2,4,5,ما الفرق بين القرصنة واختبار الاختراق؟,القرصنة هي جريمة اختراق وسرقة معلومات يقوم بها قراصنة القبعات السوداء دون اذن لاغراض تخريبية أما اختبار الاختراق فيتم فيه توظيف العديد من ذوي القبعات البيضاء لاختبار أنظمة أمان أجهزة الكمبيوتر في المؤسسات مما يسمح بتحديد عيوبها وثغراتها قصد تحسين دفاعاتها
215,2126,36,5.5,الفيروس عند تحميل ملف يكون الفيروس مثبت عليه و فور الدخول للملف يقوم الفيروس بنسخ نفسه و التثبت على الملفات الاخرى بينما برنامج الانزال يعمل على اضلال مضادات الفيروسات في حين ان الاثنين عملهم التخريب  ,3,3,2.5,3,2.75,3,2,3,5,5,ما الفرق بين الفيروس و برنامج الإنزال ؟,الفيروس و برنامج الإنزال برامج ماكرة هدفها تخريبي تختلف في طريقة العمل أو الهجوم فبينما يكرر الفيروس نفسه باقترانه ببرامج أخرى يقوم برنامج الإنزال بمراوغة برامج مكافحة الفيروسات بنقل وتركيب الفيروسات المحمولة في طياته
190,2101,11,5.5,"الفيروس: برنامج يقترن ببرامج أخرى ويجدد نفسه، برامج الإنزال: برامج لمكافحة الفيروسات ولكنها تحتوي على فيروسات من أجل الإختراق.",3,3,3,3,3,3,3,3,5,5,ما الفرق بين الفيروس و برنامج الإنزال ؟,الفيروس و برنامج الإنزال برامج ماكرة هدفها تخريبي تختلف في طريقة العمل أو الهجوم فبينما يكرر الفيروس نفسه باقترانه ببرامج أخرى يقوم برنامج الإنزال بمراوغة برامج مكافحة الفيروسات بنقل وتركيب الفيروسات المحمولة في طياته
197,2108,18,5.5,الفيروس هو برنامج صمم من طرف أشخاص من أجل تخريب أو شطب المعلومات من ذاكرة الحاسوب و هي تعتمد على برنامج آخر و لها إمكانية نسخ نفسها أما برنامج الإنزال فه الذي يقوم بنقل الفيروسات,2,2,2,2,2,2,2,2,5,5,ما الفرق بين الفيروس و برنامج الإنزال ؟,الفيروس و برنامج الإنزال برامج ماكرة هدفها تخريبي تختلف في طريقة العمل أو الهجوم فبينما يكرر الفيروس نفسه باقترانه ببرامج أخرى يقوم برنامج الإنزال بمراوغة برامج مكافحة الفيروسات بنقل وتركيب الفيروسات المحمولة في طياته
211,2122,32,5.5,"الفيروس:هي برامج تعمل أثناء تشغيل برامج أخرى محمل من الانترنت لها القدرة على إنتشار منسخ نفسها، الإنزال: جاءت الإنزال لتفادي مضادات الفيروسات يقوم بنقل و تركيب الفيروسات",3,3,3.5,4,3.25,3,3,4,5,5,ما الفرق بين الفيروس و برنامج الإنزال ؟,الفيروس و برنامج الإنزال برامج ماكرة هدفها تخريبي تختلف في طريقة العمل أو الهجوم فبينما يكرر الفيروس نفسه باقترانه ببرامج أخرى يقوم برنامج الإنزال بمراوغة برامج مكافحة الفيروسات بنقل وتركيب الفيروسات المحمولة في طياته
219,2130,40,5.5,الفيروس برنامج مخبأ داخل برنامج آخر حيث عند تشغيل البرنامج العادي يقوم بنسخ نفسه اما برنامج الانزال يقوم بمراوغة مضاد الفيروسات حيث يعمل على ثغراته,5,5,4,4,4.5,4,4,5,5,5,ما الفرق بين الفيروس و برنامج الإنزال ؟,الفيروس و برنامج الإنزال برامج ماكرة هدفها تخريبي تختلف في طريقة العمل أو الهجوم فبينما يكرر الفيروس نفسه باقترانه ببرامج أخرى يقوم برنامج الإنزال بمراوغة برامج مكافحة الفيروسات بنقل وتركيب الفيروسات المحمولة في طياته
180,2091,1,5.5,"الفيروس: هو برنامج ضار يعمل على نسخ نفسه في جهاز الضحية ولا يشتغل إلا عند عمل البرنامج الذي جاء معه، برنامج الانزال: هو برنامج يعمل على نقل ونسخ الفيروسات على أجهزة الضحايا ويكون مشفر لكي لا يتم اكتشافه من قبل برامج مكافحة الفيروسات.",3.5,4,3.5,4,3.5,4,3,4,5,5,ما الفرق بين الفيروس و برنامج الإنزال ؟,الفيروس و برنامج الإنزال برامج ماكرة هدفها تخريبي تختلف في طريقة العمل أو الهجوم فبينما يكرر الفيروس نفسه باقترانه ببرامج أخرى يقوم برنامج الإنزال بمراوغة برامج مكافحة الفيروسات بنقل وتركيب الفيروسات المحمولة في طياته
181,2092,2,5.5,الفيروس هو برنامج مصمم ليقترن برنامج آخر و يقوم بتكرار نفسه وبعث هجمات من خلال برنامج آخر آما برنامج الاِنزال فهو من يحمل الفيروس.,1.5,2,2,2,1.75,2,1,2,5,5,ما الفرق بين الفيروس و برنامج الإنزال ؟,الفيروس و برنامج الإنزال برامج ماكرة هدفها تخريبي تختلف في طريقة العمل أو الهجوم فبينما يكرر الفيروس نفسه باقترانه ببرامج أخرى يقوم برنامج الإنزال بمراوغة برامج مكافحة الفيروسات بنقل وتركيب الفيروسات المحمولة في طياته
195,2106,16,5.5,الفيروس هو برنامج يرتبط ببرامج أخرى ليعيد انشاء نفسه بارتباطه بهذه البرامج أما برنامج الانزال هو برنامج وهمي للحماية من الفيروسات ويعمل على التشفير وينتظر حدوث امرا معين لإظهار نفسه والقضاء على نظام الحاسب ,4,4,3.5,4,3.75,4,3,4,5,5,ما الفرق بين الفيروس و برنامج الإنزال ؟,الفيروس و برنامج الإنزال برامج ماكرة هدفها تخريبي تختلف في طريقة العمل أو الهجوم فبينما يكرر الفيروس نفسه باقترانه ببرامج أخرى يقوم برنامج الإنزال بمراوغة برامج مكافحة الفيروسات بنقل وتركيب الفيروسات المحمولة في طياته
198,2109,19,5.5,الفيروس هو برنامج مسيء يقوم بالتحكم أو تخريب معلومات أو أنظمة الجهاز أما برنامج الإنزال فهو عبارة عن برنامج يقوم بمراوغة برامج منع الفيروسات من أجل تحميل الفيروسات,2,2,3.5,4,2.75,3,2,3,5,5,ما الفرق بين الفيروس و برنامج الإنزال ؟,الفيروس و برنامج الإنزال برامج ماكرة هدفها تخريبي تختلف في طريقة العمل أو الهجوم فبينما يكرر الفيروس نفسه باقترانه ببرامج أخرى يقوم برنامج الإنزال بمراوغة برامج مكافحة الفيروسات بنقل وتركيب الفيروسات المحمولة في طياته
206,2117,27,5.5,الفيروس يعتبر برنامج يقوم مباشرة بتخريب البيانات و يمكنه نسخ نفسه أما البرنامج الإنزال فيكون متخفيا في الحاسب و ينتظر الوقت المناسب للهجوم,2.5,3,2,2,2.25,2,2,3,5,5,ما الفرق بين الفيروس و برنامج الإنزال ؟,الفيروس و برنامج الإنزال برامج ماكرة هدفها تخريبي تختلف في طريقة العمل أو الهجوم فبينما يكرر الفيروس نفسه باقترانه ببرامج أخرى يقوم برنامج الإنزال بمراوغة برامج مكافحة الفيروسات بنقل وتركيب الفيروسات المحمولة في طياته
182,2093,3,5.5,الفيروس يقترن ببرنامج آخر وينشط عند تشغيل ذلك البرنامج للتخريب البيانات ويستطيع انتج نفسه باقترانه ببرامج أخرى بينما برامج الانزال مصممه لمكافحة برامج المضادة للفيروسات فتعتمد على التشفير لعدم اكتشافها فهي تقوم بنقل وتركيب الفيروسات وتنتظر حدوث أمر معين للقيام بعملها التخريبي.,4,4,4,4,4,4,4,4,5,5,ما الفرق بين الفيروس و برنامج الإنزال ؟,الفيروس و برنامج الإنزال برامج ماكرة هدفها تخريبي تختلف في طريقة العمل أو الهجوم فبينما يكرر الفيروس نفسه باقترانه ببرامج أخرى يقوم برنامج الإنزال بمراوغة برامج مكافحة الفيروسات بنقل وتركيب الفيروسات المحمولة في طياته
207,2118,28,5.5,الفيروس هو برنامج مصمم من أجل تخريب المعلومات و يكون مرتبط ببرنامج. أما برنامج الإنزال فهو برنامج يتجاوز البرامج المضادة للفيروسات باستغلاله فجوات في جهاز التنظيم حيث يقوم بنشر و تركيب الفيروسات,3.5,4,4,4,3.75,4,3,4,5,5,ما الفرق بين الفيروس و برنامج الإنزال ؟,الفيروس و برنامج الإنزال برامج ماكرة هدفها تخريبي تختلف في طريقة العمل أو الهجوم فبينما يكرر الفيروس نفسه باقترانه ببرامج أخرى يقوم برنامج الإنزال بمراوغة برامج مكافحة الفيروسات بنقل وتركيب الفيروسات المحمولة في طياته
194,2105,15,5.5,الفيروس: هو برنامج يقوم بأعمال تخريبية للبرامج المثبتة على الحاسوب أما برامج لانزال,1,1,1,1,1,1,1,1,5,5,ما الفرق بين الفيروس و برنامج الإنزال ؟,الفيروس و برنامج الإنزال برامج ماكرة هدفها تخريبي تختلف في طريقة العمل أو الهجوم فبينما يكرر الفيروس نفسه باقترانه ببرامج أخرى يقوم برنامج الإنزال بمراوغة برامج مكافحة الفيروسات بنقل وتركيب الفيروسات المحمولة في طياته
217,2128,38,5.5,"الفيروس برنامج خبيث يلصق نفسه ببرنامج و يقوم بنسخ نفسه في برامج اخرى من اجل التخريب، برنامج الانزال يقوم بمراوغة البرامج المصابة و يعمل مادة برنامج خبيث داخله ",4.5,5,3.5,4,4,4,4,4,5,5,ما الفرق بين الفيروس و برنامج الإنزال ؟,الفيروس و برنامج الإنزال برامج ماكرة هدفها تخريبي تختلف في طريقة العمل أو الهجوم فبينما يكرر الفيروس نفسه باقترانه ببرامج أخرى يقوم برنامج الإنزال بمراوغة برامج مكافحة الفيروسات بنقل وتركيب الفيروسات المحمولة في طياته
204,2115,25,5.5,"فيروس صممه الأشخاص لتدمير و مسح بيانات من ذاكرة الحاسوب، الإنزال صمم لمراوغة برامج مكافحة الفيروسات، يتم تحميل الفيروس عن طريق برامج أو بريد و تقوم الإنزال هو من يقوم بنشر الفيروسات و نسخها ",1.5,2,3.5,4,2.5,3,2,3,5,5,ما الفرق بين الفيروس و برنامج الإنزال ؟,الفيروس و برنامج الإنزال برامج ماكرة هدفها تخريبي تختلف في طريقة العمل أو الهجوم فبينما يكرر الفيروس نفسه باقترانه ببرامج أخرى يقوم برنامج الإنزال بمراوغة برامج مكافحة الفيروسات بنقل وتركيب الفيروسات المحمولة في طياته
220,2131,41,5.5,الفيروس يقترن مع برنامج اخر و يعمل عند عمل هدا البرنامج ويكون هدفه شطب او تخريب المعلومات المخزنة اما برنامج الانزال فهو يستخدم لتضليل اجهزة مكافحة الفيروسات ,4,4,4.5,5,4.25,4,4,5,5,5,ما الفرق بين الفيروس و برنامج الإنزال ؟,الفيروس و برنامج الإنزال برامج ماكرة هدفها تخريبي تختلف في طريقة العمل أو الهجوم فبينما يكرر الفيروس نفسه باقترانه ببرامج أخرى يقوم برنامج الإنزال بمراوغة برامج مكافحة الفيروسات بنقل وتركيب الفيروسات المحمولة في طياته
209,2120,30,5.5,الفيروس هو برنامج يقوم بإتلاف جميع البيانات في حالة تشغيل و يقوم بإنتاج نفسه بينما ببرنامج الانزال يحمل صورة بريئة لكنه يحمل في طياته فيروسات قاتلة للنظام,3.5,4,3.5,4,3.5,4,3,4,5,5,ما الفرق بين الفيروس و برنامج الإنزال ؟,الفيروس و برنامج الإنزال برامج ماكرة هدفها تخريبي تختلف في طريقة العمل أو الهجوم فبينما يكرر الفيروس نفسه باقترانه ببرامج أخرى يقوم برنامج الإنزال بمراوغة برامج مكافحة الفيروسات بنقل وتركيب الفيروسات المحمولة في طياته
212,2123,33,5.5,"الفيروس يكون عادة سهل التعرف عليه و القضاء عليه, أما الإنزال فهو صعب التعرف عليه من طرف بسبب تقنيتها الخاصة",1,1,0.5,1,0.75,1,0,1,5,5,ما الفرق بين الفيروس و برنامج الإنزال ؟,الفيروس و برنامج الإنزال برامج ماكرة هدفها تخريبي تختلف في طريقة العمل أو الهجوم فبينما يكرر الفيروس نفسه باقترانه ببرامج أخرى يقوم برنامج الإنزال بمراوغة برامج مكافحة الفيروسات بنقل وتركيب الفيروسات المحمولة في طياته
216,2127,37,5.5,الفيروس برنامج مصمم ليثبت مع برنامج اخر فعند اشتغاله يشتغل الفيروس اما برنامج الانزال فهو برنامج مكافحة الفيروسات فهي تنتظر حدوث شيء في النظام لتهاجمه و تلوثه بنشر الفيروسات التي تحملها ,5,5,4,4,4.5,4,4,5,5,5,ما الفرق بين الفيروس و برنامج الإنزال ؟,الفيروس و برنامج الإنزال برامج ماكرة هدفها تخريبي تختلف في طريقة العمل أو الهجوم فبينما يكرر الفيروس نفسه باقترانه ببرامج أخرى يقوم برنامج الإنزال بمراوغة برامج مكافحة الفيروسات بنقل وتركيب الفيروسات المحمولة في طياته
213,2124,34,5.5,الفيروس هو تطبيق حيث يؤدي إلى إتلاف الأنظمة أما برنامج الإنزال هي برامج تحمل في طياتها فيروسات و تقوم بنشرها,1.5,2,1.5,2,1.5,2,1,2,5,5,ما الفرق بين الفيروس و برنامج الإنزال ؟,الفيروس و برنامج الإنزال برامج ماكرة هدفها تخريبي تختلف في طريقة العمل أو الهجوم فبينما يكرر الفيروس نفسه باقترانه ببرامج أخرى يقوم برنامج الإنزال بمراوغة برامج مكافحة الفيروسات بنقل وتركيب الفيروسات المحمولة في طياته
192,2103,13,5.5,"الفيروس: هو برنامج أعده أشخاص يقوم بتخريب وشطب البيانات من ذاكرة الحاسوب وصمم لكي يعمل مع برنامج آخر وله القدرة على نسخ نفسه، برامج الاِنزال: صممت لمراوغة برامج مكافحة الفيروسات وتعتمد على التشفير كي لا يتم اكتشافها و وظيفتها نقل وتركيب الفيروسات.",5,5,3.5,4,4.25,4,4,5,5,5,ما الفرق بين الفيروس و برنامج الإنزال ؟,الفيروس و برنامج الإنزال برامج ماكرة هدفها تخريبي تختلف في طريقة العمل أو الهجوم فبينما يكرر الفيروس نفسه باقترانه ببرامج أخرى يقوم برنامج الإنزال بمراوغة برامج مكافحة الفيروسات بنقل وتركيب الفيروسات المحمولة في طياته
199,2110,20,5.5,الفيروس هو برنامج ضار يقوم بسرقة و شطب المعلومات من الأجهزة الإلكترونية و يأتي مع برنامج آخر و عند تشغيل هذا الأخير يقوم بنسخ نفسه تلقائيا بينما برنامج التنزيل هو برنامج يقوم بتنزيل برامج أخرى ضارة بالأجهزة,3,3,2.5,3,2.75,3,2,3,5,5,ما الفرق بين الفيروس و برنامج الإنزال ؟,الفيروس و برنامج الإنزال برامج ماكرة هدفها تخريبي تختلف في طريقة العمل أو الهجوم فبينما يكرر الفيروس نفسه باقترانه ببرامج أخرى يقوم برنامج الإنزال بمراوغة برامج مكافحة الفيروسات بنقل وتركيب الفيروسات المحمولة في طياته
184,2095,5,5.5,"الفيروس هو برنامج كمبيوتر مصمم للإقتران ببرنامج آخر يعمل حين يعمل هذا البرنامج وأيضا يقوم بإعادة إنتاج نفسه، أما البرنامج لإنزال هو برنامج لمكافحة مضادات الفيروسات يعمل على إعادة تركيب ونقل الفيروسات.",4,4,4,4,4,4,4,4,5,5,ما الفرق بين الفيروس و برنامج الإنزال ؟,الفيروس و برنامج الإنزال برامج ماكرة هدفها تخريبي تختلف في طريقة العمل أو الهجوم فبينما يكرر الفيروس نفسه باقترانه ببرامج أخرى يقوم برنامج الإنزال بمراوغة برامج مكافحة الفيروسات بنقل وتركيب الفيروسات المحمولة في طياته
185,2096,6,5.5,الفيروس يعمل بواسطة برامج أخرى يعتمد على قدرته على نسخ ذاته أما برنامج لاتزال وظيفتها نقل وتركيب الفيروسات,2,2,2.5,3,2.25,2,2,3,5,5,ما الفرق بين الفيروس و برنامج الإنزال ؟,الفيروس و برنامج الإنزال برامج ماكرة هدفها تخريبي تختلف في طريقة العمل أو الهجوم فبينما يكرر الفيروس نفسه باقترانه ببرامج أخرى يقوم برنامج الإنزال بمراوغة برامج مكافحة الفيروسات بنقل وتركيب الفيروسات المحمولة في طياته
186,2097,7,5.5,ينتقل الفيروس عن طريق الدخول إلى المواقع المشتبهة او عند تحميل برامج وهو يتضاعف بنسخ نفسه؛ هدفها تخريب البيانات من ذاكرة حاسوب أما برامج الانزال صممت لمراوغة برامج مكافحة للفيروسات.,3.5,4,2.5,3,3,3,3,3,5,5,ما الفرق بين الفيروس و برنامج الإنزال ؟,الفيروس و برنامج الإنزال برامج ماكرة هدفها تخريبي تختلف في طريقة العمل أو الهجوم فبينما يكرر الفيروس نفسه باقترانه ببرامج أخرى يقوم برنامج الإنزال بمراوغة برامج مكافحة الفيروسات بنقل وتركيب الفيروسات المحمولة في طياته
200,2111,21,5.5,الفيروس و برامج الإنزال كلاهما أسلوب من أساليب الإختراق لكن الفيروس يقترن بالبرامج و يشتغل عند إنشغاله و يعمل على تكرار نفسه لكن برامج الإنزال فهي تثبت نفسها و تقوم بتركيب الفيروسات ,3.5,4,3.5,4,3.5,4,3,4,5,5,ما الفرق بين الفيروس و برنامج الإنزال ؟,الفيروس و برنامج الإنزال برامج ماكرة هدفها تخريبي تختلف في طريقة العمل أو الهجوم فبينما يكرر الفيروس نفسه باقترانه ببرامج أخرى يقوم برنامج الإنزال بمراوغة برامج مكافحة الفيروسات بنقل وتركيب الفيروسات المحمولة في طياته
205,2116,26,5.5,"الفيروس هو برنامج يخرب فورا ما يوضع/ينزل في الحاسوب أما برنامج الإنزال ، فهو برنامج ينتظر حدوث شيء ما كفتح برنامج ما فيقوم بالتخريب و افساد الملفات المراد تلافها",1.5,2,1.5,2,1.5,2,1,2,5,5,ما الفرق بين الفيروس و برنامج الإنزال ؟,الفيروس و برنامج الإنزال برامج ماكرة هدفها تخريبي تختلف في طريقة العمل أو الهجوم فبينما يكرر الفيروس نفسه باقترانه ببرامج أخرى يقوم برنامج الإنزال بمراوغة برامج مكافحة الفيروسات بنقل وتركيب الفيروسات المحمولة في طياته
196,2107,17,5.5,الفيروس هو برنامج خبيث للقيام بأمر معين يستطيع برنامج الحماية القضاء عليه لكن برامج الإنزال هو برنامج يستعمل خاصية التشفير لتجاوز نظام الحماية و ثم يقوم هذا البرنامج بتركيب أو نقل الفيروسات  ,3,3,2.5,3,2.75,3,2,3,5,5,ما الفرق بين الفيروس و برنامج الإنزال ؟,الفيروس و برنامج الإنزال برامج ماكرة هدفها تخريبي تختلف في طريقة العمل أو الهجوم فبينما يكرر الفيروس نفسه باقترانه ببرامج أخرى يقوم برنامج الإنزال بمراوغة برامج مكافحة الفيروسات بنقل وتركيب الفيروسات المحمولة في طياته
201,2112,22,5.5,"الفيروس فهو نضام مخرب مطابق لبرنامج ما, و يكون مفعل في حالة اشتغل البرنامج فقط البرنامج الإنزال : فهو يحوي الفيروسات بطريقة تشفيرية لا يمكن لك التعرف اليه  ",2.5,3,2,2,2.25,2,2,3,5,5,ما الفرق بين الفيروس و برنامج الإنزال ؟,الفيروس و برنامج الإنزال برامج ماكرة هدفها تخريبي تختلف في طريقة العمل أو الهجوم فبينما يكرر الفيروس نفسه باقترانه ببرامج أخرى يقوم برنامج الإنزال بمراوغة برامج مكافحة الفيروسات بنقل وتركيب الفيروسات المحمولة في طياته
189,2100,10,5.5,الفيروس أداة اختراق وشطب البيانات من الكمبيوتر تعمل ببرامج أو برامج أخر لها القدرة على نسخ ذاتها أما برامج الإنزال تقل وتركب الفيروسات تنتظر أمر معين تعتمد على التشفير للمغالطة ومكافحة الفيروسات.,3,3,2,2,2.5,2,2,3,5,5,ما الفرق بين الفيروس و برنامج الإنزال ؟,الفيروس و برنامج الإنزال برامج ماكرة هدفها تخريبي تختلف في طريقة العمل أو الهجوم فبينما يكرر الفيروس نفسه باقترانه ببرامج أخرى يقوم برنامج الإنزال بمراوغة برامج مكافحة الفيروسات بنقل وتركيب الفيروسات المحمولة في طياته
193,2104,14,5.5,"الفيروس: هو برنامج صمم عمدا لتخريب المعلومات المخزنة وهو قادر على نسخ نفسه وهو مرتبط ببرنامج ما، برنامج الانزال: هو برنامج لمكافحة برامج مكافحة الفيروسات حيث يعمل على نقل الفيروسات ",4,4,3.5,4,3.75,4,3,4,5,5,ما الفرق بين الفيروس و برنامج الإنزال ؟,الفيروس و برنامج الإنزال برامج ماكرة هدفها تخريبي تختلف في طريقة العمل أو الهجوم فبينما يكرر الفيروس نفسه باقترانه ببرامج أخرى يقوم برنامج الإنزال بمراوغة برامج مكافحة الفيروسات بنقل وتركيب الفيروسات المحمولة في طياته
183,2094,4,5.5,"الفيروس هو برنامج في الجهاز الذي يتم تحميله من المواقع الغير قانونية عن طريق الخطأ؛ يتميز بنسخ نفسه مرات عديدة ويؤثر على برامج أخرى، برنامج الإنزال يستعمل عادة لصد و إيقاف آو تخريب برامج ضد الفيروسات.",2.5,3,3.5,4,3,3,3,3,5,5,ما الفرق بين الفيروس و برنامج الإنزال ؟,الفيروس و برنامج الإنزال برامج ماكرة هدفها تخريبي تختلف في طريقة العمل أو الهجوم فبينما يكرر الفيروس نفسه باقترانه ببرامج أخرى يقوم برنامج الإنزال بمراوغة برامج مكافحة الفيروسات بنقل وتركيب الفيروسات المحمولة في طياته
203,2114,24,5.5,الفيروس هو برنامج مصمم لتخريب الحاسوب له القابلية على الإقتران ببرامج أخرى كما له قابلية التكاثر برنامج الإنزال مصمم خصيصا لتجاوز و عدم اكتشافه من طرف برامج مكافحة الفيروسات كما أنه يعتمد على التشفير ,5,5,4.5,5,4.75,5,4,5,5,5,ما الفرق بين الفيروس و برنامج الإنزال ؟,الفيروس و برنامج الإنزال برامج ماكرة هدفها تخريبي تختلف في طريقة العمل أو الهجوم فبينما يكرر الفيروس نفسه باقترانه ببرامج أخرى يقوم برنامج الإنزال بمراوغة برامج مكافحة الفيروسات بنقل وتركيب الفيروسات المحمولة في طياته
218,2129,39,5.5,الفيروس هو برنامج يقترن ببرنامج اخر سليم اما برنامج الانزال فهو وسيلة يتم على اطلاع فيروسات في الاماكن الحساسة و الثغرات,1.5,2,3.5,4,2.5,3,2,3,5,5,ما الفرق بين الفيروس و برنامج الإنزال ؟,الفيروس و برنامج الإنزال برامج ماكرة هدفها تخريبي تختلف في طريقة العمل أو الهجوم فبينما يكرر الفيروس نفسه باقترانه ببرامج أخرى يقوم برنامج الإنزال بمراوغة برامج مكافحة الفيروسات بنقل وتركيب الفيروسات المحمولة في طياته
214,2125,35,5.5,"الفيروس بعد تحميله يبدأ عملية التخريب و الإنتقال من برنامج لآخر من حاسوب إلى آخر، برنامج الإنزال يتم تفعيله في زمن معين مبرمج يعمل وفق شروط يعمل على آلة معينة",2,2,1.5,2,1.75,2,1,2,5,5,ما الفرق بين الفيروس و برنامج الإنزال ؟,الفيروس و برنامج الإنزال برامج ماكرة هدفها تخريبي تختلف في طريقة العمل أو الهجوم فبينما يكرر الفيروس نفسه باقترانه ببرامج أخرى يقوم برنامج الإنزال بمراوغة برامج مكافحة الفيروسات بنقل وتركيب الفيروسات المحمولة في طياته
187,2098,8,5.5,"الفيروس هو برنامج قام بإعداده شخص او مجموعة من الأشخاص من اجل تخريب وسرقة بيانات والحصول على الأرقام السرية، أما برنامج الإنزال مصمم لمكافحة برامج القضاء على الفيروس يقوم بتشفير لعدم معرفته ويقوم بنقل وتركيب الفيروس.",3,3,3.5,4,3.25,3,3,4,5,5,ما الفرق بين الفيروس و برنامج الإنزال ؟,الفيروس و برنامج الإنزال برامج ماكرة هدفها تخريبي تختلف في طريقة العمل أو الهجوم فبينما يكرر الفيروس نفسه باقترانه ببرامج أخرى يقوم برنامج الإنزال بمراوغة برامج مكافحة الفيروسات بنقل وتركيب الفيروسات المحمولة في طياته
191,2102,12,5.5,"الفيروس: يقترن ببرنامج معين وفور عمله يعمل الفيروس.، الإنزال: يقترن ببرنامج ويعمل فور حدوث حدث معين في الحاسب لذا فالفرق هو وقت العمل.",2,2,2,2,2,2,2,2,5,5,ما الفرق بين الفيروس و برنامج الإنزال ؟,الفيروس و برنامج الإنزال برامج ماكرة هدفها تخريبي تختلف في طريقة العمل أو الهجوم فبينما يكرر الفيروس نفسه باقترانه ببرامج أخرى يقوم برنامج الإنزال بمراوغة برامج مكافحة الفيروسات بنقل وتركيب الفيروسات المحمولة في طياته
208,2119,29,5.5,الفيروس هو برنامج يندمج ببرنامج آخر من أجل الحصول على معلومات و  برنامج الانزال هو برنامج يتلاعب ببرامج الحماية حتى يصل الوقت المناسب أو حدوث حدث في النظام يتم تفعيل الفيروس فيه,3,3,1.5,2,2.25,2,2,3,5,5,ما الفرق بين الفيروس و برنامج الإنزال ؟,الفيروس و برنامج الإنزال برامج ماكرة هدفها تخريبي تختلف في طريقة العمل أو الهجوم فبينما يكرر الفيروس نفسه باقترانه ببرامج أخرى يقوم برنامج الإنزال بمراوغة برامج مكافحة الفيروسات بنقل وتركيب الفيروسات المحمولة في طياته